image_id,sequence_id,user_id,username,captured_at_utc,country,lon,lat,segment_km
841866122317714,CmRbdMlvyTxrnf6KuwBQIV,103644195212255,kingvik,2026-10-02T09:01:13.668000+00:00,Rwanda,30.083524,-1.9609678,0.0
843769738799317,oPzfADSUnFK0puXb3h9cdZ,103644195212255,kingvik,2026-10-02T08:58:12.766000+00:00,Rwanda,30.0936808,-1.9727242,0.0
843797728792048,oPzfADSUnFK0puXb3h9cdZ,103644195212255,kingvik,2026-10-02T08:58:44.724000+00:00,Rwanda,30.0906672,-1.9715779,0.0
850636624779522,CmRbdMlvyTxrnf6KuwBQIV,103644195212255,kingvik,2026-10-02T09:00:13.635000+00:00,Rwanda,30.087937,-1.9664123,0.0
855882920885543,CmRbdMlvyTxrnf6KuwBQIV,103644195212255,kingvik,2026-10-02T09:02:35.628000+00:00,Rwanda,30.078048,-1.9544754,0.0
864761486699596,CmRbdMlvyTxrnf6KuwBQIV,103644195212255,kingvik,2026-10-02T09:02:30.602000+00:00,Rwanda,30.0782409,-1.9549891,0.0
899237773121004,oPzfADSUnFK0puXb3h9cdZ,103644195212255,kingvik,2026-10-02T08:56:47.708000+00:00,Rwanda,30.09947,-1.9778464,0.0
920726980855248,CmRbdMlvyTxrnf6KuwBQIV,103644195212255,kingvik,2026-10-02T09:02:22.665000+00:00,Rwanda,30.0786615,-1.9557257,0.0
923156810595254,oPzfADSUnFK0puXb3h9cdZ,103644195212255,kingvik,2026-10-02T08:57:37.610000+00:00,Rwanda,30.0966773,-1.9747345,0.0
930431099787239,CmRbdMlvyTxrnf6KuwBQIV,103644195212255,kingvik,2026-10-02T08:59:13.372000+00:00,Rwanda,30.0893452,-1.9699615,0.0
931206403042925,CmRbdMlvyTxrnf6KuwBQIV,103644195212255,kingvik,2026-10-02T09:00:22.702000+00:00,Rwanda,30.0874179,-1.9656026,0.0
931269439761945,oPzfADSUnFK0puXb3h9cdZ,103644195212255,kingvik,2026-10-02T08:57:21.680000+00:00,Rwanda,30.0978392,-1.9759911,0.0
932089099596964,oPzfADSUnFK0puXb3h9cdZ,103644195212255,kingvik,2026-10-02T08:56:28.609000+00:00,Rwanda,30.1002164,-1.9784899,0.0
937815326066733,oPzfADSUnFK0puXb3h9cdZ,103644195212255,kingvik,2026-10-02T08:56:01.613000+00:00,Rwanda,30.1014958,-1.9796097,0.0
948628301137228,CmRbdMlvyTxrnf6KuwBQIV,103644195212255,kingvik,2026-10-02T08:59:22.665000+00:00,Rwanda,30.0890632,-1.9696197,0.0
954878431025875,oPzfADSUnFK0puXb3h9cdZ,103644195212255,kingvik,2026-10-02T08:56:34.645000+00:00,Rwanda,30.099982,-1.978321,0.0
956979664154729,oPzfADSUnFK0puXb3h9cdZ,103644195212255,kingvik,2026-10-02T08:56:21.640000+00:00,Rwanda,30.1004908,-1.9786779,0.0
959799323254761,oPzfADSUnFK0puXb3h9cdZ,103644195212255,kingvik,2026-10-02T08:58:29.758000+00:00,Rwanda,30.0918263,-1.972084,0.0
961606143042129,CmRbdMlvyTxrnf6KuwBQIV,103644195212255,kingvik,2026-10-02T09:03:14.793000+00:00,Rwanda,30.0782699,-1.9521837,0.0
964864313327343,oPzfADSUnFK0puXb3h9cdZ,103644195212255,kingvik,2026-10-02T08:57:32.643000+00:00,Rwanda,30.0970565,-1.9751283,0.0
973359041764029,CmRbdMlvyTxrnf6KuwBQIV,103644195212255,kingvik,2026-10-02T09:02:09.597000+00:00,Rwanda,30.0793332,-1.9563355,0.0
974314844956308,oPzfADSUnFK0puXb3h9cdZ,103644195212255,kingvik,2026-10-02T08:56:40.684000+00:00,Rwanda,30.0996912,-1.9780809,0.0
974792754911088,CmRbdMlvyTxrnf6KuwBQIV,103644195212255,kingvik,2026-10-02T09:01:04.630000+00:00,Rwanda,30.0843428,-1.9616304,0.0
975698898191194,oPzfADSUnFK0puXb3h9cdZ,103644195212255,kingvik,2026-10-02T08:55:23.431000+00:00,Rwanda,30.1028279,-1.9811153,0.0
980964600928803,CmRbdMlvyTxrnf6KuwBQIV,103644195212255,kingvik,2026-10-02T09:00:31.604000+00:00,Rwanda,30.0868145,-1.9646693,0.0
987723247685040,CmRbdMlvyTxrnf6KuwBQIV,103644195212255,kingvik,2026-10-02T09:02:37.668000+00:00,Rwanda,30.0779919,-1.9542717,0.0
996069256840697,CmRbdMlvyTxrnf6KuwBQIV,103644195212255,kingvik,2026-10-02T08:59:15.650000+00:00,Rwanda,30.0892667,-1.9698676,0.0
999051959875981,CmRbdMlvyTxrnf6KuwBQIV,103644195212255,kingvik,2026-10-02T09:00:26.605000+00:00,Rwanda,30.08717,-1.9652147,0.0
1003730982126045,CmRbdMlvyTxrnf6KuwBQIV,103644195212255,kingvik,2026-10-02T09:00:18.699000+00:00,Rwanda,30.0876479,-1.9659575,0.0
1026796193709083,CmRbdMlvyTxrnf6KuwBQIV,103644195212255,kingvik,2026-10-02T09:01:36.597000+00:00,Rwanda,30.0815225,-1.9592432,0.0
1027619330294486,oPzfADSUnFK0puXb3h9cdZ,103644195212255,kingvik,2026-10-02T08:57:54.762000+00:00,Rwanda,30.0953093,-1.9735959,0.0
1031941326565983,oPzfADSUnFK0puXb3h9cdZ,103644195212255,kingvik,2026-10-02T08:56:30.648000+00:00,Rwanda,30.1001284,-1.9784252,0.0
1038341142564122,oPzfADSUnFK0puXb3h9cdZ,103644195212255,kingvik,2026-10-02T08:55:25.679000+00:00,Rwanda,30.1028433,-1.9810569,0.0
1039254119158891,oPzfADSUnFK0puXb3h9cdZ,103644195212255,kingvik,2026-10-02T08:56:13.600000+00:00,Rwanda,30.1007905,-1.9789417,0.0
1039446825794157,oPzfADSUnFK0puXb3h9cdZ,103644195212255,kingvik,2026-10-02T08:56:06.612000+00:00,Rwanda,30.1011648,-1.9793105,0.0
1042919515463311,CmRbdMlvyTxrnf6KuwBQIV,103644195212255,kingvik,2026-10-02T08:59:51.068000+00:00,Rwanda,30.0888067,-1.9679869,0.0
1044749318617792,oPzfADSUnFK0puXb3h9cdZ,103644195212255,kingvik,2026-10-02T08:57:30.678000+00:00,Rwanda,30.0972119,-1.975291,0.0
1044865765231386,oPzfADSUnFK0puXb3h9cdZ,103644195212255,kingvik,2026-10-02T08:57:13.606000+00:00,Rwanda,30.0983216,-1.9765659,0.0
1050145268074931,oPzfADSUnFK0puXb3h9cdZ,103644195212255,kingvik,2026-10-02T08:58:43.792000+00:00,Rwanda,30.0907242,-1.9716175,0.0
1052756777800021,CmRbdMlvyTxrnf6KuwBQIV,103644195212255,kingvik,2026-10-02T09:01:38.630000+00:00,Rwanda,30.0813704,-1.959076,0.0
1053214274199828,CmRbdMlvyTxrnf6KuwBQIV,103644195212255,kingvik,2026-10-02T09:02:17.666000+00:00,Rwanda,30.0790573,-1.9558592,0.0
1056589290712465,CmRbdMlvyTxrnf6KuwBQIV,103644195212255,kingvik,2026-10-02T09:02:19.640000+00:00,Rwanda,30.0789088,-1.9558248,0.0
1058845533620456,CmRbdMlvyTxrnf6KuwBQIV,103644195212255,kingvik,2026-10-02T08:59:52.606000+00:00,Rwanda,30.0888293,-1.9679293,0.0
1059042390292672,CmRbdMlvyTxrnf6KuwBQIV,103644195212255,kingvik,2026-10-02T09:00:52.598000+00:00,Rwanda,30.0853312,-1.9625627,0.0
1063192829681759,CmRbdMlvyTxrnf6KuwBQIV,103644195212255,kingvik,2026-10-02T09:00:33.600000+00:00,Rwanda,30.0866745,-1.9644447,0.0
1063955049601964,CmRbdMlvyTxrnf6KuwBQIV,103644195212255,kingvik,2026-10-02T08:59:48.334000+00:00,Rwanda,30.0887034,-1.9682504,0.0
1064678233049494,CmRbdMlvyTxrnf6KuwBQIV,103644195212255,kingvik,2026-10-02T09:02:48.634000+00:00,Rwanda,30.0779069,-1.9536646,0.0
1070692739215768,CmRbdMlvyTxrnf6KuwBQIV,103644195212255,kingvik,2026-10-02T08:59:23.644000+00:00,Rwanda,30.089046,-1.9695965,0.0
1074142131896969,CmRbdMlvyTxrnf6KuwBQIV,103644195212255,kingvik,2026-10-02T09:00:27.661000+00:00,Rwanda,30.0871022,-1.9651159,0.0
1074701215429373,oPzfADSUnFK0puXb3h9cdZ,103644195212255,kingvik,2026-10-02T08:55:49.680000+00:00,Rwanda,30.1021991,-1.9803245,0.0
1075418395317235,CmRbdMlvyTxrnf6KuwBQIV,103644195212255,kingvik,2026-10-02T08:59:38.635000+00:00,Rwanda,30.0885341,-1.9688433,0.0
1076577542036773,oPzfADSUnFK0puXb3h9cdZ,103644195212255,kingvik,2026-10-02T08:58:27.722000+00:00,Rwanda,30.0920521,-1.9721257,0.0
1076986338441312,oPzfADSUnFK0puXb3h9cdZ,103644195212255,kingvik,2026-10-02T08:57:33.634000+00:00,Rwanda,30.0969807,-1.9750488,0.0
1077349595304899,CmRbdMlvyTxrnf6KuwBQIV,103644195212255,kingvik,2026-10-02T09:02:10.665000+00:00,Rwanda,30.0792981,-1.9562496,0.0
1077363458391449,oPzfADSUnFK0puXb3h9cdZ,103644195212255,kingvik,2026-10-02T08:58:21.756000+00:00,Rwanda,30.0927502,-1.972286,0.0
1077388798618089,oPzfADSUnFK0puXb3h9cdZ,103644195212255,kingvik,2026-10-02T08:58:03.798000+00:00,Rwanda,30.0945848,-1.9731875,0.0
1077725828488939,CmRbdMlvyTxrnf6KuwBQIV,103644195212255,kingvik,2026-10-02T09:00:10.639000+00:00,Rwanda,30.0881183,-1.9667,0.0
1078172448172608,CmRbdMlvyTxrnf6KuwBQIV,103644195212255,kingvik,2026-10-02T09:00:08.607000+00:00,Rwanda,30.0882333,-1.9668873,0.0
1079323328239284,CmRbdMlvyTxrnf6KuwBQIV,103644195212255,kingvik,2026-10-02T09:01:06.671000+00:00,Rwanda,30.0841755,-1.9614668,0.0
1079477591540120,oPzfADSUnFK0puXb3h9cdZ,103644195212255,kingvik,2026-10-02T08:58:07.798000+00:00,Rwanda,30.0941636,-1.9729814,0.0
1080018978339761,CmRbdMlvyTxrnf6KuwBQIV,103644195212255,kingvik,2026-10-02T09:00:56.598000+00:00,Rwanda,30.0849992,-1.96227,0.0
1082778081398594,CmRbdMlvyTxrnf6KuwBQIV,103644195212255,kingvik,2026-10-02T09:02:08.663000+00:00,Rwanda,30.0793762,-1.9564305,0.0
1082904531301805,oPzfADSUnFK0puXb3h9cdZ,103644195212255,kingvik,2026-10-02T08:58:38.792000+00:00,Rwanda,30.0910462,-1.9717957,0.0
1085149964488739,oPzfADSUnFK0puXb3h9cdZ,103644195212255,kingvik,2026-10-02T08:56:02.682000+00:00,Rwanda,30.1014295,-1.9795479,0.0
1086565973969441,oPzfADSUnFK0puXb3h9cdZ,103644195212255,kingvik,2026-10-02T08:55:27.646000+00:00,Rwanda,30.1028636,-1.9810026,0.0
1087185544160530,CmRbdMlvyTxrnf6KuwBQIV,103644195212255,kingvik,2026-10-02T08:59:56.672000+00:00,Rwanda,30.0888375,-1.9677673,0.0
1087457304210420,CmRbdMlvyTxrnf6KuwBQIV,103644195212255,kingvik,2026-10-02T09:00:29.627000+00:00,Rwanda,30.0869577,-1.9649002,0.0
1090381930278205,CmRbdMlvyTxrnf6KuwBQIV,103644195212255,kingvik,2026-10-02T08:59:04.620000+00:00,Rwanda,30.0897906,-1.9706465,0.0
1090593583717350,oPzfADSUnFK0puXb3h9cdZ,103644195212255,kingvik,2026-10-02T08:55:46.641000+00:00,Rwanda,30.1023225,-1.9804524,0.0
1090973946968591,oPzfADSUnFK0puXb3h9cdZ,103644195212255,kingvik,2026-10-02T08:56:14.669000+00:00,Rwanda,30.1007416,-1.9788998,0.0
1092361946507777,CmRbdMlvyTxrnf6KuwBQIV,103644195212255,kingvik,2026-10-02T09:01:54.635000+00:00,Rwanda,30.0801224,-1.9578089,0.0
1092658727066927,oPzfADSUnFK0puXb3h9cdZ,103644195212255,kingvik,2026-10-02T08:55:24.904000+00:00,Rwanda,30.1028375,-1.9810875,0.0
1092713193459728,oPzfADSUnFK0puXb3h9cdZ,103644195212255,kingvik,2026-10-02T08:57:29.645000+00:00,Rwanda,30.0972883,-1.975371,0.0
1092974953542606,oPzfADSUnFK0puXb3h9cdZ,103644195212255,kingvik,2026-10-02T08:56:18.642000+00:00,Rwanda,30.1005795,-1.9787503,0.0
1094979873284492,CmRbdMlvyTxrnf6KuwBQIV,103644195212255,kingvik,2026-10-02T09:03:08.778000+00:00,Rwanda,30.0782151,-1.9523805,0.0
1095414916551322,CmRbdMlvyTxrnf6KuwBQIV,103644195212255,kingvik,2026-10-02T08:59:18.809000+00:00,Rwanda,30.0891736,-1.9697603,0.0
1096658299996820,oPzfADSUnFK0puXb3h9cdZ,103644195212255,kingvik,2026-10-02T08:56:38.656000+00:00,Rwanda,30.0997824,-1.9781719,0.0
1096829706644271,oPzfADSUnFK0puXb3h9cdZ,103644195212255,kingvik,2026-10-02T08:56:29.708000+00:00,Rwanda,30.1001688,-1.9784564,0.0
1098406103183986,oPzfADSUnFK0puXb3h9cdZ,103644195212255,kingvik,2026-10-02T08:56:07.580000+00:00,Rwanda,30.1011101,-1.979255,0.0
1098914526438328,CmRbdMlvyTxrnf6KuwBQIV,103644195212255,kingvik,2026-10-02T08:59:50.694000+00:00,Rwanda,30.0887758,-1.9680646,0.0
1099352675834379,oPzfADSUnFK0puXb3h9cdZ,103644195212255,kingvik,2026-10-02T08:56:17.643000+00:00,Rwanda,30.1006208,-1.9787856,0.0
1099691306141188,CmRbdMlvyTxrnf6KuwBQIV,103644195212255,kingvik,2026-10-02T09:00:59.595000+00:00,Rwanda,30.0847521,-1.9620386,0.0
1100042599660616,CmRbdMlvyTxrnf6KuwBQIV,103644195212255,kingvik,2026-10-02T09:02:41.591000+00:00,Rwanda,30.0779453,-1.9540116,0.0
1100858339361752,CmRbdMlvyTxrnf6KuwBQIV,103644195212255,kingvik,2026-10-02T08:59:06.766000+00:00,Rwanda,30.0896947,-1.970487,0.0
1101006585983420,CmRbdMlvyTxrnf6KuwBQIV,103644195212255,kingvik,2026-10-02T09:02:01.601000+00:00,Rwanda,30.0797264,-1.9571523,0.0
1101464585725217,CmRbdMlvyTxrnf6KuwBQIV,103644195212255,kingvik,2026-10-02T09:01:19.660000+00:00,Rwanda,30.0828776,-1.9606572,0.0
1103901775669105,CmRbdMlvyTxrnf6KuwBQIV,103644195212255,kingvik,2026-10-02T09:00:06.629000+00:00,Rwanda,30.0883531,-1.9670753,0.0
1104767192254381,oPzfADSUnFK0puXb3h9cdZ,103644195212255,kingvik,2026-10-02T08:56:44.680000+00:00,Rwanda,30.0995625,-1.9779545,0.0
1105309508860879,oPzfADSUnFK0puXb3h9cdZ,103644195212255,kingvik,2026-10-02T08:57:20.670000+00:00,Rwanda,30.0978993,-1.9760644,0.0
1106431045678850,CmRbdMlvyTxrnf6KuwBQIV,103644195212255,kingvik,2026-10-02T09:00:35.594000+00:00,Rwanda,30.0865303,-1.9642357,0.0
1106651175095957,CmRbdMlvyTxrnf6KuwBQIV,103644195212255,kingvik,2026-10-02T08:59:05.677000+00:00,Rwanda,30.0897418,-1.9705669,0.0
1107789641788732,oPzfADSUnFK0puXb3h9cdZ,103644195212255,kingvik,2026-10-02T08:55:43.678000+00:00,Rwanda,30.1024375,-1.9805722,0.0
1108287548513957,CmRbdMlvyTxrnf6KuwBQIV,103644195212255,kingvik,2026-10-02T08:59:40.661000+00:00,Rwanda,30.0885272,-1.9687436,0.0
1109542151530590,CmRbdMlvyTxrnf6KuwBQIV,103644195212255,kingvik,2026-10-02T09:02:31.671000+00:00,Rwanda,30.0781983,-1.9548853,0.0
1110696441321143,CmRbdMlvyTxrnf6KuwBQIV,103644195212255,kingvik,2026-10-02T09:01:41.632000+00:00,Rwanda,30.0811449,-1.9588478,0.0
1111157388061742,CmRbdMlvyTxrnf6KuwBQIV,103644195212255,kingvik,2026-10-02T08:59:32.661000+00:00,Rwanda,30.0887541,-1.9692052,0.0
1111354031398018,CmRbdMlvyTxrnf6KuwBQIV,103644195212255,kingvik,2026-10-02T08:59:31.638000+00:00,Rwanda,30.088797,-1.9692659,0.0
1111809028165019,CmRbdMlvyTxrnf6KuwBQIV,103644195212255,kingvik,2026-10-02T08:59:29.647000+00:00,Rwanda,30.0888736,-1.9693776,0.0
1111857341829748,oPzfADSUnFK0puXb3h9cdZ,103644195212255,kingvik,2026-10-02T08:57:44.764000+00:00,Rwanda,30.096118,-1.9742238,0.0
1112094694526470,CmRbdMlvyTxrnf6KuwBQIV,103644195212255,kingvik,2026-10-02T09:03:04.001000+00:00,Rwanda,30.0781609,-1.9525824,0.0
1112927075030279,oPzfADSUnFK0puXb3h9cdZ,103644195212255,kingvik,2026-10-02T08:56:48.616000+00:00,Rwanda,30.0994341,-1.977811,0.0
1113729097904920,CmRbdMlvyTxrnf6KuwBQIV,103644195212255,kingvik,2026-10-02T08:59:03.528000+00:00,Rwanda,30.0898433,-1.9707241,0.0
1114017470988906,CmRbdMlvyTxrnf6KuwBQIV,103644195212255,kingvik,2026-10-02T09:01:09.640000+00:00,Rwanda,30.0839148,-1.9612278,0.0
1115708147663756,CmRbdMlvyTxrnf6KuwBQIV,103644195212255,kingvik,2026-10-02T08:59:17.765000+00:00,Rwanda,30.089204,-1.9697956,0.0
1115797587646096,CmRbdMlvyTxrnf6KuwBQIV,103644195212255,kingvik,2026-10-02T09:02:28.601000+00:00,Rwanda,30.0783298,-1.9551934,0.0
1116577624173562,CmRbdMlvyTxrnf6KuwBQIV,103644195212255,kingvik,2026-10-02T08:59:39.641000+00:00,Rwanda,30.0885285,-1.96879,0.0
1117234150757456,oPzfADSUnFK0puXb3h9cdZ,103644195212255,kingvik,2026-10-02T08:57:38.613000+00:00,Rwanda,30.0966,-1.9746589,0.0
1120601783863382,CmRbdMlvyTxrnf6KuwBQIV,103644195212255,kingvik,2026-10-02T09:00:03.720000+00:00,Rwanda,30.0885136,-1.9673499,0.0
1122145716992417,oPzfADSUnFK0puXb3h9cdZ,103644195212255,kingvik,2026-10-02T08:56:10.607000+00:00,Rwanda,30.1009458,-1.979095,0.0
1123765240179301,oPzfADSUnFK0puXb3h9cdZ,103644195212255,kingvik,2026-10-02T08:58:09.798000+00:00,Rwanda,30.0939629,-1.9728761,0.0
1124867746894874,CmRbdMlvyTxrnf6KuwBQIV,103644195212255,kingvik,2026-10-02T09:02:50.662000+00:00,Rwanda,30.077912,-1.9535454,0.0
1125768306676284,oPzfADSUnFK0puXb3h9cdZ,103644195212255,kingvik,2026-10-02T08:58:40.010000+00:00,Rwanda,30.0909118,-1.9717186,0.0
1127043126394695,oPzfADSUnFK0puXb3h9cdZ,103644195212255,kingvik,2026-10-02T08:56:59.681000+00:00,Rwanda,30.0990014,-1.9773297,0.0
1127489423182788,oPzfADSUnFK0puXb3h9cdZ,103644195212255,kingvik,2026-10-02T08:58:10.691000+00:00,Rwanda,30.0938683,-1.9728218,0.0
1129649703074084,CmRbdMlvyTxrnf6KuwBQIV,103644195212255,kingvik,2026-10-02T08:59:33.636000+00:00,Rwanda,30.0887041,-1.9691459,0.0
1131440492793689,CmRbdMlvyTxrnf6KuwBQIV,103644195212255,kingvik,2026-10-02T08:59:44.663000+00:00,Rwanda,30.0885742,-1.9685713,0.0
1131506539218354,CmRbdMlvyTxrnf6KuwBQIV,103644195212255,kingvik,2026-10-02T09:00:43.660000+00:00,Rwanda,30.0859425,-1.9633919,0.0
1131910459292484,oPzfADSUnFK0puXb3h9cdZ,103644195212255,kingvik,2026-10-02T08:55:39.677000+00:00,Rwanda,30.1025945,-1.9807108,0.0
1135081482514752,CmRbdMlvyTxrnf6KuwBQIV,103644195212255,kingvik,2026-10-02T09:02:56.664000+00:00,Rwanda,30.0779899,-1.9531565,0.0
1136364638726017,oPzfADSUnFK0puXb3h9cdZ,103644195212255,kingvik,2026-10-02T08:57:04.611000+00:00,Rwanda,30.0988219,-1.9771394,0.0
1137978695455180,CmRbdMlvyTxrnf6KuwBQIV,103644195212255,kingvik,2026-10-02T08:59:14.479000+00:00,Rwanda,30.0893025,-1.9699098,0.0
1138077212079554,CmRbdMlvyTxrnf6KuwBQIV,103644195212255,kingvik,2026-10-02T09:01:11.598000+00:00,Rwanda,30.0837265,-1.9610858,0.0
1139116125742342,oPzfADSUnFK0puXb3h9cdZ,103644195212255,kingvik,2026-10-02T08:57:56.696000+00:00,Rwanda,30.0951781,-1.9734897,0.0
1150371414340372,oPzfADSUnFK0puXb3h9cdZ,103644195212255,kingvik,2026-10-02T08:57:57.640000+00:00,Rwanda,30.0951306,-1.9734467,0.0
1153429297277588,CmRbdMlvyTxrnf6KuwBQIV,103644195212255,kingvik,2026-10-02T09:03:10.751000+00:00,Rwanda,30.0782389,-1.952319,0.0
1154904113911330,oPzfADSUnFK0puXb3h9cdZ,103644195212255,kingvik,2026-10-02T08:57:34.644000+00:00,Rwanda,30.0969047,-1.9749715,0.0
1170420139278262,oPzfADSUnFK0puXb3h9cdZ,103644195212255,kingvik,2026-10-02T08:56:12.606000+00:00,Rwanda,30.1008379,-1.9789878,0.0
1234345405575231,oPzfADSUnFK0puXb3h9cdZ,103644195212255,kingvik,2026-10-02T08:55:34.709000+00:00,Rwanda,30.1027665,-1.9808449,0.0
1253062660311011,oPzfADSUnFK0puXb3h9cdZ,103644195212255,kingvik,2026-10-02T08:56:45.677000+00:00,Rwanda,30.0995315,-1.9779257,0.0
1255807443365046,CmRbdMlvyTxrnf6KuwBQIV,103644195212255,kingvik,2026-10-02T09:02:18.631000+00:00,Rwanda,30.0789862,-1.9558399,0.0
1266476528953164,oPzfADSUnFK0puXb3h9cdZ,103644195212255,kingvik,2026-10-02T08:55:15.731000+00:00,Rwanda,30.1024614,-1.9814309,0.0
1269046162969247,oPzfADSUnFK0puXb3h9cdZ,103644195212255,kingvik,2026-10-02T08:56:09.776000+00:00,Rwanda,30.1009979,-1.9791479,0.0
1271130589426344,oPzfADSUnFK0puXb3h9cdZ,103644195212255,kingvik,2026-10-02T08:57:07.687000+00:00,Rwanda,30.0986832,-1.9769733,0.0
1276595544591348,CmRbdMlvyTxrnf6KuwBQIV,103644195212255,kingvik,2026-10-02T09:01:39.600000+00:00,Rwanda,30.0812964,-1.9589949,0.0
1296407049206919,oPzfADSUnFK0puXb3h9cdZ,103644195212255,kingvik,2026-10-02T08:58:33.757000+00:00,Rwanda,30.0914329,-1.9719901,0.0
1300824158748012,CmRbdMlvyTxrnf6KuwBQIV,103644195212255,kingvik,2026-10-02T09:00:16.667000+00:00,Rwanda,30.0877587,-1.9661369,0.0
1316486563787449,oPzfADSUnFK0puXb3h9cdZ,103644195212255,kingvik,2026-10-02T08:58:32.740000+00:00,Rwanda,30.0915231,-1.9720164,0.0
1330428470159828,oPzfADSUnFK0puXb3h9cdZ,103644195212255,kingvik,2026-10-02T08:55:56.706000+00:00,Rwanda,30.1018162,-1.9799407,0.0
1332262152180664,oPzfADSUnFK0puXb3h9cdZ,103644195212255,kingvik,2026-10-02T08:56:00.640000+00:00,Rwanda,30.1015607,-1.9796726,0.0
1350351883650646,oPzfADSUnFK0puXb3h9cdZ,103644195212255,kingvik,2026-10-02T08:55:31.651000+00:00,Rwanda,30.1028735,-1.9809153,0.0
1365927855337387,oPzfADSUnFK0puXb3h9cdZ,103644195212255,kingvik,2026-10-02T08:56:52.671000+00:00,Rwanda,30.0993145,-1.9776727,0.0
1368055735108138,CmRbdMlvyTxrnf6KuwBQIV,103644195212255,kingvik,2026-10-02T09:01:16.596000+00:00,Rwanda,30.0832016,-1.9608169,0.0
1382385034056816,CmRbdMlvyTxrnf6KuwBQIV,103644195212255,kingvik,2026-10-02T09:02:20.637000+00:00,Rwanda,30.0788292,-1.9558014,0.0
1385555067071737,oPzfADSUnFK0puXb3h9cdZ,103644195212255,kingvik,2026-10-02T08:57:47.777000+00:00,Rwanda,30.0958665,-1.9740256,0.0
1390253369949452,oPzfADSUnFK0puXb3h9cdZ,103644195212255,kingvik,2026-10-02T08:58:23.718000+00:00,Rwanda,30.092523,-1.9722189,0.0
1394409926010102,oPzfADSUnFK0puXb3h9cdZ,103644195212255,kingvik,2026-10-02T08:58:42.920000+00:00,Rwanda,30.0907845,-1.9716543,0.0
1395374832764812,oPzfADSUnFK0puXb3h9cdZ,103644195212255,kingvik,2026-10-02T08:58:35.706000+00:00,Rwanda,30.0912661,-1.9719221,0.0
1395848696047187,oPzfADSUnFK0puXb3h9cdZ,103644195212255,kingvik,2026-10-02T08:58:00.731000+00:00,Rwanda,30.0948971,-1.9733224,0.0
1400919555353919,CmRbdMlvyTxrnf6KuwBQIV,103644195212255,kingvik,2026-10-02T09:01:27.672000+00:00,Rwanda,30.082138,-1.9600611,0.0
1401955672029343,oPzfADSUnFK0puXb3h9cdZ,103644195212255,kingvik,2026-10-02T08:57:50.724000+00:00,Rwanda,30.095628,-1.9738306,0.0
1403048578667463,CmRbdMlvyTxrnf6KuwBQIV,103644195212255,kingvik,2026-10-02T08:59:43.695000+00:00,Rwanda,30.0885509,-1.968627,0.0
1403631278593089,CmRbdMlvyTxrnf6KuwBQIV,103644195212255,kingvik,2026-10-02T09:03:02.665000+00:00,Rwanda,30.0781198,-1.9527158,0.0
1405914774375664,CmRbdMlvyTxrnf6KuwBQIV,103644195212255,kingvik,2026-10-02T09:02:54.733000+00:00,Rwanda,30.0779546,-1.9532961,0.0
1406558661684635,oPzfADSUnFK0puXb3h9cdZ,103644195212255,kingvik,2026-10-02T08:57:27.624000+00:00,Rwanda,30.0974415,-1.975525,0.0
1407327687616887,oPzfADSUnFK0puXb3h9cdZ,103644195212255,kingvik,2026-10-02T08:55:53.702000+00:00,Rwanda,30.1019991,-1.9801267,0.0
1408116354081269,CmRbdMlvyTxrnf6KuwBQIV,103644195212255,kingvik,2026-10-02T09:01:21.596000+00:00,Rwanda,30.0826713,-1.9605249,0.0
1408247490810030,oPzfADSUnFK0puXb3h9cdZ,103644195212255,kingvik,2026-10-02T08:57:02.649000+00:00,Rwanda,30.0988919,-1.9772112,0.0
1408608507392084,oPzfADSUnFK0puXb3h9cdZ,103644195212255,kingvik,2026-10-02T08:57:12.635000+00:00,Rwanda,30.0983869,-1.9766359,0.0
1409395351392893,oPzfADSUnFK0puXb3h9cdZ,103644195212255,kingvik,2026-10-02T08:57:00.709000+00:00,Rwanda,30.0989587,-1.9772842,0.0
1409612253997837,oPzfADSUnFK0puXb3h9cdZ,103644195212255,kingvik,2026-10-02T08:57:58.615000+00:00,Rwanda,30.0950647,-1.9734062,0.0
1412006650371513,oPzfADSUnFK0puXb3h9cdZ,103644195212255,kingvik,2026-10-02T08:57:18.641000+00:00,Rwanda,30.0980172,-1.9762064,0.0
1412901950361178,CmRbdMlvyTxrnf6KuwBQIV,103644195212255,kingvik,2026-10-02T09:02:39.636000+00:00,Rwanda,30.0779673,-1.9541246,0.0
1414475957320888,CmRbdMlvyTxrnf6KuwBQIV,103644195212255,kingvik,2026-10-02T09:00:44.632000+00:00,Rwanda,30.0858737,-1.9632888,0.0
1414764104150504,CmRbdMlvyTxrnf6KuwBQIV,103644195212255,kingvik,2026-10-02T09:00:07.602000+00:00,Rwanda,30.0882929,-1.9669786,0.0
1415044960051714,CmRbdMlvyTxrnf6KuwBQIV,103644195212255,kingvik,2026-10-02T09:00:14.601000+00:00,Rwanda,30.0878748,-1.9663167,0.0
1415086023909206,oPzfADSUnFK0puXb3h9cdZ,103644195212255,kingvik,2026-10-02T08:56:26.708000+00:00,Rwanda,30.1003049,-1.9785494,0.0
1416273620078930,CmRbdMlvyTxrnf6KuwBQIV,103644195212255,kingvik,2026-10-02T09:02:32.638000+00:00,Rwanda,30.0781533,-1.9547868,0.0
1416530070690850,oPzfADSUnFK0puXb3h9cdZ,103644195212255,kingvik,2026-10-02T08:55:17.642000+00:00,Rwanda,30.1025829,-1.9813395,0.0
1418525883822896,CmRbdMlvyTxrnf6KuwBQIV,103644195212255,kingvik,2026-10-02T09:02:05.625000+00:00,Rwanda,30.0795233,-1.9567299,0.0
1418867930440935,CmRbdMlvyTxrnf6KuwBQIV,103644195212255,kingvik,2026-10-02T09:02:59.663000+00:00,Rwanda,30.0780531,-1.9529308,0.0
1419553239508537,CmRbdMlvyTxrnf6KuwBQIV,103644195212255,kingvik,2026-10-02T09:01:30.635000+00:00,Rwanda,30.0819319,-1.9598006,0.0
1422370342624686,CmRbdMlvyTxrnf6KuwBQIV,103644195212255,kingvik,2026-10-02T09:00:19.697000+00:00,Rwanda,30.0875916,-1.9658756,0.0
1422697876664138,CmRbdMlvyTxrnf6KuwBQIV,103644195212255,kingvik,2026-10-02T09:01:00.656000+00:00,Rwanda,30.084672,-1.9619577,0.0
1423208779951572,oPzfADSUnFK0puXb3h9cdZ,103644195212255,kingvik,2026-10-02T08:58:01.742000+00:00,Rwanda,30.0947972,-1.9732801,0.0
1423396753258363,oPzfADSUnFK0puXb3h9cdZ,103644195212255,kingvik,2026-10-02T08:58:19.730000+00:00,Rwanda,30.0929538,-1.9723837,0.0
1425076059840021,CmRbdMlvyTxrnf6KuwBQIV,103644195212255,kingvik,2026-10-02T08:59:19.340000+00:00,Rwanda,30.0891427,-1.9697227,0.0
1425654159632650,CmRbdMlvyTxrnf6KuwBQIV,103644195212255,kingvik,2026-10-02T09:02:12.632000+00:00,Rwanda,30.0792412,-1.9560965,0.0
1426923302980259,CmRbdMlvyTxrnf6KuwBQIV,103644195212255,kingvik,2026-10-02T09:01:46.663000+00:00,Rwanda,30.0807166,-1.9584728,0.0
1428129092597984,CmRbdMlvyTxrnf6KuwBQIV,103644195212255,kingvik,2026-10-02T09:00:45.699000+00:00,Rwanda,30.0858078,-1.9631861,0.0
1428886726003045,oPzfADSUnFK0puXb3h9cdZ,103644195212255,kingvik,2026-10-02T08:57:49.690000+00:00,Rwanda,30.0957078,-1.9738961,0.0
1432361742166776,CmRbdMlvyTxrnf6KuwBQIV,103644195212255,kingvik,2026-10-02T09:01:15.627000+00:00,Rwanda,30.0833095,-1.9608665,0.0
1433343298900087,oPzfADSUnFK0puXb3h9cdZ,103644195212255,kingvik,2026-10-02T08:56:04.643000+00:00,Rwanda,30.1012985,-1.9794268,0.0
1434747061966642,CmRbdMlvyTxrnf6KuwBQIV,103644195212255,kingvik,2026-10-02T09:01:03.637000+00:00,Rwanda,30.0844257,-1.9617147,0.0
1436299138599488,CmRbdMlvyTxrnf6KuwBQIV,103644195212255,kingvik,2026-10-02T09:01:42.699000+00:00,Rwanda,30.0810611,-1.9587734,0.0
1439511801394583,oPzfADSUnFK0puXb3h9cdZ,103644195212255,kingvik,2026-10-02T08:57:01.710000+00:00,Rwanda,30.0989238,-1.9772447,0.0
1440687614690593,CmRbdMlvyTxrnf6KuwBQIV,103644195212255,kingvik,2026-10-02T08:59:51.598000+00:00,Rwanda,30.0888067,-1.9679869,0.0
1440863878174153,CmRbdMlvyTxrnf6KuwBQIV,103644195212255,kingvik,2026-10-02T09:02:45.602000+00:00,Rwanda,30.0779223,-1.9538341,0.0
1441440334563905,CmRbdMlvyTxrnf6KuwBQIV,103644195212255,kingvik,2026-10-02T09:02:07.671000+00:00,Rwanda,30.0794209,-1.956529,0.0
1442981041063729,CmRbdMlvyTxrnf6KuwBQIV,103644195212255,kingvik,2026-10-02T09:03:05.679000+00:00,Rwanda,30.078179,-1.9525273,0.0
1449384587299061,oPzfADSUnFK0puXb3h9cdZ,103644195212255,kingvik,2026-10-02T08:56:55.682000+00:00,Rwanda,30.0991977,-1.9775432,0.0
1453151686733191,CmRbdMlvyTxrnf6KuwBQIV,103644195212255,kingvik,2026-10-02T08:59:41.662000+00:00,Rwanda,30.08853,-1.9687084,0.0
1453349010115970,oPzfADSUnFK0puXb3h9cdZ,103644195212255,kingvik,2026-10-02T08:56:58.675000+00:00,Rwanda,30.099049,-1.9773782,0.0
1458826992819896,oPzfADSUnFK0puXb3h9cdZ,103644195212255,kingvik,2026-10-02T08:55:22.667000+00:00,Rwanda,30.1028061,-1.9811514,0.0
1459484146325177,CmRbdMlvyTxrnf6KuwBQIV,103644195212255,kingvik,2026-10-02T09:01:51.597000+00:00,Rwanda,30.0803257,-1.9580748,0.0
1460089939320665,oPzfADSUnFK0puXb3h9cdZ,103644195212255,kingvik,2026-10-02T08:56:20.672000+00:00,Rwanda,30.1005185,-1.9786974,0.0
1461671419155112,oPzfADSUnFK0puXb3h9cdZ,103644195212255,kingvik,2026-10-02T08:55:52.606000+00:00,Rwanda,30.1020529,-1.9801813,0.0
1462736505776990,CmRbdMlvyTxrnf6KuwBQIV,103644195212255,kingvik,2026-10-02T08:59:42.638000+00:00,Rwanda,30.0885365,-1.9686701,0.0
1465391378784520,CmRbdMlvyTxrnf6KuwBQIV,103644195212255,kingvik,2026-10-02T08:59:46.201000+00:00,Rwanda,30.088636,-1.9684281,0.0
1466457698732361,oPzfADSUnFK0puXb3h9cdZ,103644195212255,kingvik,2026-10-02T08:55:50.642000+00:00,Rwanda,30.1021517,-1.9802797,0.0
1469478598331938,CmRbdMlvyTxrnf6KuwBQIV,103644195212255,kingvik,2026-10-02T09:00:20.671000+00:00,Rwanda,30.0875347,-1.9657873,0.0
1475526921302371,oPzfADSUnFK0puXb3h9cdZ,103644195212255,kingvik,2026-10-02T08:57:48.644000+00:00,Rwanda,30.0957856,-1.9739584,0.0
1482038940644686,oPzfADSUnFK0puXb3h9cdZ,103644195212255,kingvik,2026-10-02T08:57:11.642000+00:00,Rwanda,30.0984468,-1.9767011,0.0
1486643589966653,CmRbdMlvyTxrnf6KuwBQIV,103644195212255,kingvik,2026-10-02T08:59:08.014000+00:00,Rwanda,30.0896036,-1.9703278,0.0
1486786006610129,CmRbdMlvyTxrnf6KuwBQIV,103644195212255,kingvik,2026-10-02T09:01:57.673000+00:00,Rwanda,30.0799469,-1.9575401,0.0
1491519349443306,CmRbdMlvyTxrnf6KuwBQIV,103644195212255,kingvik,2026-10-02T09:02:06.698000+00:00,Rwanda,30.0794708,-1.9566287,0.0
1493897932549262,oPzfADSUnFK0puXb3h9cdZ,103644195212255,kingvik,2026-10-02T08:55:47.645000+00:00,Rwanda,30.1022864,-1.9804093,0.0
1494115609241750,CmRbdMlvyTxrnf6KuwBQIV,103644195212255,kingvik,2026-10-02T09:01:18.599000+00:00,Rwanda,30.0829817,-1.9607173,0.0
1509835877272314,CmRbdMlvyTxrnf6KuwBQIV,103644195212255,kingvik,2026-10-02T08:59:45.634000+00:00,Rwanda,30.0886032,-1.9685036,0.0
1515065223763691,oPzfADSUnFK0puXb3h9cdZ,103644195212255,kingvik,2026-10-02T08:57:36.643000+00:00,Rwanda,30.0967586,-1.9748134,0.0
1518153026736615,oPzfADSUnFK0puXb3h9cdZ,103644195212255,kingvik,2026-10-02T08:55:54.630000+00:00,Rwanda,30.1019398,-1.9800699,0.0
1524460793050192,oPzfADSUnFK0puXb3h9cdZ,103644195212255,kingvik,2026-10-02T08:56:41.671000+00:00,Rwanda,30.0996509,-1.9780407,0.0
1553491829799526,oPzfADSUnFK0puXb3h9cdZ,103644195212255,kingvik,2026-10-02T08:58:28.726000+00:00,Rwanda,30.0919405,-1.9721048,0.0
1561806475266444,CmRbdMlvyTxrnf6KuwBQIV,103644195212255,kingvik,2026-10-02T09:01:50.667000+00:00,Rwanda,30.0804004,-1.9581624,0.0
1565922141974595,CmRbdMlvyTxrnf6KuwBQIV,103644195212255,kingvik,2026-10-02T09:01:49.674000+00:00,Rwanda,30.0804774,-1.9582444,0.0
1566396165295297,CmRbdMlvyTxrnf6KuwBQIV,103644195212255,kingvik,2026-10-02T09:01:05.700000+00:00,Rwanda,30.0842596,-1.9615472,0.0
1568269297829230,CmRbdMlvyTxrnf6KuwBQIV,103644195212255,kingvik,2026-10-02T09:01:56.601000+00:00,Rwanda,30.0800066,-1.9576337,0.0
1568836578345885,oPzfADSUnFK0puXb3h9cdZ,103644195212255,kingvik,2026-10-02T08:58:46.851000+00:00,Rwanda,30.0905639,-1.9714909,0.0
1570722310947666,oPzfADSUnFK0puXb3h9cdZ,103644195212255,kingvik,2026-10-02T08:58:39.807000+00:00,Rwanda,30.0909775,-1.9717551,0.0
1571414167531749,CmRbdMlvyTxrnf6KuwBQIV,103644195212255,kingvik,2026-10-02T09:00:15.671000+00:00,Rwanda,30.0878179,-1.9662232,0.0
1572902697320711,CmRbdMlvyTxrnf6KuwBQIV,103644195212255,kingvik,2026-10-02T09:02:51.646000+00:00,Rwanda,30.0779172,-1.9534877,0.0
1573805957201566,CmRbdMlvyTxrnf6KuwBQIV,103644195212255,kingvik,2026-10-02T08:59:55.699000+00:00,Rwanda,30.0888464,-1.9678063,0.0
1575608520538939,CmRbdMlvyTxrnf6KuwBQIV,103644195212255,kingvik,2026-10-02T09:00:54.630000+00:00,Rwanda,30.0851735,-1.9624145,0.0
1577394114163551,oPzfADSUnFK0puXb3h9cdZ,103644195212255,kingvik,2026-10-02T08:58:46.021000+00:00,Rwanda,30.0905639,-1.9714909,0.0
1584214089350842,CmRbdMlvyTxrnf6KuwBQIV,103644195212255,kingvik,2026-10-02T09:00:53.664000+00:00,Rwanda,30.0852547,-1.962487,0.0
1590819901981711,CmRbdMlvyTxrnf6KuwBQIV,103644195212255,kingvik,2026-10-02T09:01:32.631000+00:00,Rwanda,30.0817992,-1.9596174,0.0
1592324525150213,oPzfADSUnFK0puXb3h9cdZ,103644195212255,kingvik,2026-10-02T08:58:04.693000+00:00,Rwanda,30.0944807,-1.9731366,0.0
1605415871045136,CmRbdMlvyTxrnf6KuwBQIV,103644195212255,kingvik,2026-10-02T09:03:11.717000+00:00,Rwanda,30.078247,-1.9522891,0.0
1605565694381700,oPzfADSUnFK0puXb3h9cdZ,103644195212255,kingvik,2026-10-02T08:58:06.754000+00:00,Rwanda,30.0942741,-1.9730346,0.0
1605599138026819,CmRbdMlvyTxrnf6KuwBQIV,103644195212255,kingvik,2026-10-02T09:01:47.635000+00:00,Rwanda,30.0806325,-1.9583982,0.0
1607796894130138,CmRbdMlvyTxrnf6KuwBQIV,103644195212255,kingvik,2026-10-02T08:59:34.604000+00:00,Rwanda,30.0886585,-1.969085,0.0
1607866304342822,oPzfADSUnFK0puXb3h9cdZ,103644195212255,kingvik,2026-10-02T08:55:13.644000+00:00,Rwanda,30.1023293,-1.9815407,0.0
1608224760742910,oPzfADSUnFK0puXb3h9cdZ,103644195212255,kingvik,2026-10-02T08:55:48.667000+00:00,Rwanda,30.1022441,-1.980369,0.0
1610373063860499,oPzfADSUnFK0puXb3h9cdZ,103644195212255,kingvik,2026-10-02T08:57:40.759000+00:00,Rwanda,30.0964471,-1.9745145,0.0
1610968837392634,CmRbdMlvyTxrnf6KuwBQIV,103644195212255,kingvik,2026-10-02T08:59:24.672000+00:00,Rwanda,30.0890238,-1.9695704,0.0
1612350620585120,CmRbdMlvyTxrnf6KuwBQIV,103644195212255,kingvik,2026-10-02T09:02:16.605000+00:00,Rwanda,30.0791182,-1.9558849,0.0
1612901170276180,CmRbdMlvyTxrnf6KuwBQIV,103644195212255,kingvik,2026-10-02T08:59:54.633000+00:00,Rwanda,30.0888424,-1.9678478,0.0
1613411270257218,CmRbdMlvyTxrnf6KuwBQIV,103644195212255,kingvik,2026-10-02T09:03:13.767000+00:00,Rwanda,30.0782636,-1.9522313,0.0
1614205520366450,oPzfADSUnFK0puXb3h9cdZ,103644195212255,kingvik,2026-10-02T08:55:45.638000+00:00,Rwanda,30.1023591,-1.9804951,0.0
1614934110328133,oPzfADSUnFK0puXb3h9cdZ,103644195212255,kingvik,2026-10-02T08:55:55.608000+00:00,Rwanda,30.1018782,-1.9800069,0.0
1615020783425393,CmRbdMlvyTxrnf6KuwBQIV,103644195212255,kingvik,2026-10-02T09:00:04.777000+00:00,Rwanda,30.0884585,-1.9672602,0.0
1616991343542258,oPzfADSUnFK0puXb3h9cdZ,103644195212255,kingvik,2026-10-02T08:56:33.622000+00:00,Rwanda,30.1000191,-1.9783474,0.0
1617189393470965,CmRbdMlvyTxrnf6KuwBQIV,103644195212255,kingvik,2026-10-02T09:02:43.674000+00:00,Rwanda,30.0779308,-1.9539227,0.0
1619069219716166,CmRbdMlvyTxrnf6KuwBQIV,103644195212255,kingvik,2026-10-02T09:00:00.701000+00:00,Rwanda,30.0886877,-1.9675759,0.0
1622394316026839,CmRbdMlvyTxrnf6KuwBQIV,103644195212255,kingvik,2026-10-02T09:00:17.630000+00:00,Rwanda,30.0877041,-1.9660451,0.0
1623189432794109,oPzfADSUnFK0puXb3h9cdZ,103644195212255,kingvik,2026-10-02T08:58:08.734000+00:00,Rwanda,30.0940609,-1.972932,0.0
1623562336077107,CmRbdMlvyTxrnf6KuwBQIV,103644195212255,kingvik,2026-10-02T09:00:11.598000+00:00,Rwanda,30.0880608,-1.9666065,0.0
1623887749361396,CmRbdMlvyTxrnf6KuwBQIV,103644195212255,kingvik,2026-10-02T09:01:25.605000+00:00,Rwanda,30.0822969,-1.9602255,0.0
1626887082162559,oPzfADSUnFK0puXb3h9cdZ,103644195212255,kingvik,2026-10-02T08:56:27.677000+00:00,Rwanda,30.1002608,-1.9785195,0.0
1627748455387658,CmRbdMlvyTxrnf6KuwBQIV,103644195212255,kingvik,2026-10-02T09:01:55.608000+00:00,Rwanda,30.080063,-1.9577226,0.0
1627889255465997,oPzfADSUnFK0puXb3h9cdZ,103644195212255,kingvik,2026-10-02T08:56:49.614000+00:00,Rwanda,30.0993995,-1.9777734,0.0
1630669461883861,oPzfADSUnFK0puXb3h9cdZ,103644195212255,kingvik,2026-10-02T08:57:22.643000+00:00,Rwanda,30.097773,-1.9759138,0.0
1632035478539165,CmRbdMlvyTxrnf6KuwBQIV,103644195212255,kingvik,2026-10-02T09:02:13.630000+00:00,Rwanda,30.0792163,-1.9560285,0.0
1632302538307024,CmRbdMlvyTxrnf6KuwBQIV,103644195212255,kingvik,2026-10-02T09:00:50.666000+00:00,Rwanda,30.0854717,-1.9627208,0.0
1635965194702186,oPzfADSUnFK0puXb3h9cdZ,103644195212255,kingvik,2026-10-02T08:58:11.728000+00:00,Rwanda,30.0937783,-1.9727665,0.0
1637638748071358,oPzfADSUnFK0puXb3h9cdZ,103644195212255,kingvik,2026-10-02T08:57:14.704000+00:00,Rwanda,30.0982584,-1.9764953,0.0
1638593781107815,CmRbdMlvyTxrnf6KuwBQIV,103644195212255,kingvik,2026-10-02T09:03:07.730000+00:00,Rwanda,30.0782039,-1.9524199,0.0
1638741034431018,oPzfADSUnFK0puXb3h9cdZ,103644195212255,kingvik,2026-10-02T08:56:37.678000+00:00,Rwanda,30.0998311,-1.9782149,0.0
1640936240970632,oPzfADSUnFK0puXb3h9cdZ,103644195212255,kingvik,2026-10-02T08:58:14.762000+00:00,Rwanda,30.0934852,-1.9726335,0.0
1642402800576065,CmRbdMlvyTxrnf6KuwBQIV,103644195212255,kingvik,2026-10-02T09:00:41.668000+00:00,Rwanda,30.0860852,-1.9635971,0.0
1643223210767467,oPzfADSUnFK0puXb3h9cdZ,103644195212255,kingvik,2026-10-02T08:57:52.791000+00:00,Rwanda,30.0954585,-1.9737115,0.0
1648180203592923,CmRbdMlvyTxrnf6KuwBQIV,103644195212255,kingvik,2026-10-02T09:02:42.672000+00:00,Rwanda,30.077935,-1.953964,0.0
1648686603486937,CmRbdMlvyTxrnf6KuwBQIV,103644195212255,kingvik,2026-10-02T08:59:35.669000+00:00,Rwanda,30.0886179,-1.9690229,0.0
1650589873402101,CmRbdMlvyTxrnf6KuwBQIV,103644195212255,kingvik,2026-10-02T09:01:17.700000+00:00,Rwanda,30.083092,-1.9607668,0.0
1651140376633109,oPzfADSUnFK0puXb3h9cdZ,103644195212255,kingvik,2026-10-02T08:56:42.640000+00:00,Rwanda,30.0996181,-1.9780065,0.0
1651723259641535,CmRbdMlvyTxrnf6KuwBQIV,103644195212255,kingvik,2026-10-02T09:01:01.606000+00:00,Rwanda,30.0845898,-1.9618764,0.0
1652078843231673,oPzfADSUnFK0puXb3h9cdZ,103644195212255,kingvik,2026-10-02T08:57:16.676000+00:00,Rwanda,30.098137,-1.9763551,0.0
1656822079350882,CmRbdMlvyTxrnf6KuwBQIV,103644195212255,kingvik,2026-10-02T09:00:25.603000+00:00,Rwanda,30.0872324,-1.965314,0.0
1659129185772112,oPzfADSUnFK0puXb3h9cdZ,103644195212255,kingvik,2026-10-02T08:55:36.357000+00:00,Rwanda,30.1027007,-1.9807962,0.0
1659511012556146,oPzfADSUnFK0puXb3h9cdZ,103644195212255,kingvik,2026-10-02T08:55:59.677000+00:00,Rwanda,30.1016232,-1.9797385,0.0
1662350712077632,oPzfADSUnFK0puXb3h9cdZ,103644195212255,kingvik,2026-10-02T08:58:18.797000+00:00,Rwanda,30.093053,-1.9724318,0.0
1662435845493813,oPzfADSUnFK0puXb3h9cdZ,103644195212255,kingvik,2026-10-02T08:57:46.728000+00:00,Rwanda,30.0959479,-1.9740923,0.0
1662521275491140,CmRbdMlvyTxrnf6KuwBQIV,103644195212255,kingvik,2026-10-02T09:02:04.659000+00:00,Rwanda,30.0795736,-1.956835,0.0
1664574015276538,CmRbdMlvyTxrnf6KuwBQIV,103644195212255,kingvik,2026-10-02T08:59:30.635000+00:00,Rwanda,30.0888359,-1.9693238,0.0
1665046024979772,oPzfADSUnFK0puXb3h9cdZ,103644195212255,kingvik,2026-10-02T08:57:43.723000+00:00,Rwanda,30.0961953,-1.974291,0.0
1671085341218928,oPzfADSUnFK0puXb3h9cdZ,103644195212255,kingvik,2026-10-02T08:55:58.680000+00:00,Rwanda,30.1016878,-1.9798042,0.0
1672743191162930,oPzfADSUnFK0puXb3h9cdZ,103644195212255,kingvik,2026-10-02T08:56:39.651000+00:00,Rwanda,30.0997344,-1.9781221,0.0
1679340036798493,oPzfADSUnFK0puXb3h9cdZ,103644195212255,kingvik,2026-10-02T08:57:08.645000+00:00,Rwanda,30.0986308,-1.9769071,0.0
1684753972994165,CmRbdMlvyTxrnf6KuwBQIV,103644195212255,kingvik,2026-10-02T09:02:58.590000+00:00,Rwanda,30.0780319,-1.953005,0.0
1686249539766466,CmRbdMlvyTxrnf6KuwBQIV,103644195212255,kingvik,2026-10-02T09:00:58.631000+00:00,Rwanda,30.0848334,-1.9621168,0.0
1691578115756459,oPzfADSUnFK0puXb3h9cdZ,103644195212255,kingvik,2026-10-02T08:57:19.717000+00:00,Rwanda,30.097957,-1.9761348,0.0
1692637495805151,CmRbdMlvyTxrnf6KuwBQIV,103644195212255,kingvik,2026-10-02T09:02:25.667000+00:00,Rwanda,30.0784723,-1.9554875,0.0
1712353426524220,CmRbdMlvyTxrnf6KuwBQIV,103644195212255,kingvik,2026-10-02T09:02:53.662000+00:00,Rwanda,30.0779391,-1.9533607,0.0
1714191146319969,CmRbdMlvyTxrnf6KuwBQIV,103644195212255,kingvik,2026-10-02T08:59:59.678000+00:00,Rwanda,30.0887407,-1.967632,0.0
1720408699068790,oPzfADSUnFK0puXb3h9cdZ,103644195212255,kingvik,2026-10-02T08:57:39.712000+00:00,Rwanda,30.0965252,-1.9745877,0.0
1722034422428499,CmRbdMlvyTxrnf6KuwBQIV,103644195212255,kingvik,2026-10-02T09:03:03.710000+00:00,Rwanda,30.07814,-1.952648,0.0
1730975764663448,oPzfADSUnFK0puXb3h9cdZ,103644195212255,kingvik,2026-10-02T08:58:26.724000+00:00,Rwanda,30.0921657,-1.9721447,0.0
1736205974338977,CmRbdMlvyTxrnf6KuwBQIV,103644195212255,kingvik,2026-10-02T09:01:40.664000+00:00,Rwanda,30.0812249,-1.9589205,0.0
1740555390507114,CmRbdMlvyTxrnf6KuwBQIV,103644195212255,kingvik,2026-10-02T09:00:39.593000+00:00,Rwanda,30.0862339,-1.963812,0.0
1753607105849361,CmRbdMlvyTxrnf6KuwBQIV,103644195212255,kingvik,2026-10-02T09:03:09.726000+00:00,Rwanda,30.0782279,-1.9523477,0.0
1762144478335444,oPzfADSUnFK0puXb3h9cdZ,103644195212255,kingvik,2026-10-02T08:58:24.747000+00:00,Rwanda,30.092402,-1.9721932,0.0
1764510398156361,CmRbdMlvyTxrnf6KuwBQIV,103644195212255,kingvik,2026-10-02T09:02:52.639000+00:00,Rwanda,30.0779253,-1.9534261,0.0
1769438007433128,oPzfADSUnFK0puXb3h9cdZ,103644195212255,kingvik,2026-10-02T08:58:05.726000+00:00,Rwanda,30.0943768,-1.9730773,0.0
1772167714005697,CmRbdMlvyTxrnf6KuwBQIV,103644195212255,kingvik,2026-10-02T09:01:59.704000+00:00,Rwanda,30.0798343,-1.9573499,0.0
1772785713668770,oPzfADSUnFK0puXb3h9cdZ,103644195212255,kingvik,2026-10-02T08:56:31.638000+00:00,Rwanda,30.1000915,-1.9783913,0.0
1774023813905457,CmRbdMlvyTxrnf6KuwBQIV,103644195212255,kingvik,2026-10-02T09:00:51.628000+00:00,Rwanda,30.0854026,-1.9626405,0.0
1775467493539334,CmRbdMlvyTxrnf6KuwBQIV,103644195212255,kingvik,2026-10-02T09:02:26.631000+00:00,Rwanda,30.0784191,-1.9553925,0.0
1779333666315405,CmRbdMlvyTxrnf6KuwBQIV,103644195212255,kingvik,2026-10-02T09:02:46.664000+00:00,Rwanda,30.0779163,-1.9537783,0.0
1782900689617017,CmRbdMlvyTxrnf6KuwBQIV,103644195212255,kingvik,2026-10-02T09:02:14.666000+00:00,Rwanda,30.0791939,-1.9559698,0.0
1784799802804709,oPzfADSUnFK0puXb3h9cdZ,103644195212255,kingvik,2026-10-02T08:55:44.672000+00:00,Rwanda,30.1023979,-1.9805351,0.0
1785431672777247,CmRbdMlvyTxrnf6KuwBQIV,103644195212255,kingvik,2026-10-02T09:02:29.660000+00:00,Rwanda,30.0782875,-1.9550924,0.0
1789967855612273,CmRbdMlvyTxrnf6KuwBQIV,103644195212255,kingvik,2026-10-02T09:01:14.663000+00:00,Rwanda,30.083418,-1.960916,0.0
1793689401942940,oPzfADSUnFK0puXb3h9cdZ,103644195212255,kingvik,2026-10-02T08:57:25.609000+00:00,Rwanda,30.0975779,-1.9756766,0.0
1794052254959702,oPzfADSUnFK0puXb3h9cdZ,103644195212255,kingvik,2026-10-02T08:57:09.680000+00:00,Rwanda,30.0985693,-1.9768391,0.0
1794879071823734,CmRbdMlvyTxrnf6KuwBQIV,103644195212255,kingvik,2026-10-02T08:59:26.603000+00:00,Rwanda,30.0889702,-1.9695079,0.0
1798264298165288,oPzfADSUnFK0puXb3h9cdZ,103644195212255,kingvik,2026-10-02T08:55:14.101000+00:00,Rwanda,30.1023964,-1.981487,0.0
1798327447963529,CmRbdMlvyTxrnf6KuwBQIV,103644195212255,kingvik,2026-10-02T09:02:34.666000+00:00,Rwanda,30.0780807,-1.9545803,0.0
1799951607910238,oPzfADSUnFK0puXb3h9cdZ,103644195212255,kingvik,2026-10-02T08:56:16.656000+00:00,Rwanda,30.1006594,-1.9788209,0.0
1802908807614041,CmRbdMlvyTxrnf6KuwBQIV,103644195212255,kingvik,2026-10-02T08:59:12.303000+00:00,Rwanda,30.0893959,-1.970028,0.0
1803201327541334,CmRbdMlvyTxrnf6KuwBQIV,103644195212255,kingvik,2026-10-02T09:02:49.596000+00:00,Rwanda,30.0779079,-1.9536028,0.0
1804063263959115,CmRbdMlvyTxrnf6KuwBQIV,103644195212255,kingvik,2026-10-02T09:01:08.663000+00:00,Rwanda,30.0840054,-1.9613047,0.0
1804789164199226,oPzfADSUnFK0puXb3h9cdZ,103644195212255,kingvik,2026-10-02T08:55:12.449000+00:00,Rwanda,30.1022598,-1.9815953,0.0
1807331156951964,oPzfADSUnFK0puXb3h9cdZ,103644195212255,kingvik,2026-10-02T08:57:28.714000+00:00,Rwanda,30.0973676,-1.9754493,0.0
1819957375688324,oPzfADSUnFK0puXb3h9cdZ,103644195212255,kingvik,2026-10-02T08:57:06.707000+00:00,Rwanda,30.0987345,-1.9770335,0.0
1822108468821859,oPzfADSUnFK0puXb3h9cdZ,103644195212255,kingvik,2026-10-02T08:58:13.693000+00:00,Rwanda,30.0935875,-1.9726803,0.0
1826007871732134,oPzfADSUnFK0puXb3h9cdZ,103644195212255,kingvik,2026-10-02T08:56:19.605000+00:00,Rwanda,30.1005473,-1.9787193,0.0
1826644465019340,oPzfADSUnFK0puXb3h9cdZ,103644195212255,kingvik,2026-10-02T08:57:45.803000+00:00,Rwanda,30.0960335,-1.9741543,0.0
1833483127789694,CmRbdMlvyTxrnf6KuwBQIV,103644195212255,kingvik,2026-10-02T08:59:20.333000+00:00,Rwanda,30.0891136,-1.9696819,0.0
1840454496943617,CmRbdMlvyTxrnf6KuwBQIV,103644195212255,kingvik,2026-10-02T09:00:12.664000+00:00,Rwanda,30.0879974,-1.9665115,0.0
1844829056866464,oPzfADSUnFK0puXb3h9cdZ,103644195212255,kingvik,2026-10-02T08:58:22.689000+00:00,Rwanda,30.0926372,-1.9722494,0.0
1845299670166063,CmRbdMlvyTxrnf6KuwBQIV,103644195212255,kingvik,2026-10-02T09:02:44.631000+00:00,Rwanda,30.0779267,-1.9538792,0.0
1850375012797766,CmRbdMlvyTxrnf6KuwBQIV,103644195212255,kingvik,2026-10-02T09:02:23.640000+00:00,Rwanda,30.0785941,-1.9556587,0.0
1857262602117951,oPzfADSUnFK0puXb3h9cdZ,103644195212255,kingvik,2026-10-02T08:56:25.751000+00:00,Rwanda,30.1003477,-1.9785818,0.0
1868528424169492,CmRbdMlvyTxrnf6KuwBQIV,103644195212255,kingvik,2026-10-02T09:01:12.672000+00:00,Rwanda,30.0836258,-1.9610243,0.0
1887889255913228,oPzfADSUnFK0puXb3h9cdZ,103644195212255,kingvik,2026-10-02T08:57:26.711000+00:00,Rwanda,30.0975081,-1.9755997,0.0
1891263868515287,CmRbdMlvyTxrnf6KuwBQIV,103644195212255,kingvik,2026-10-02T09:01:58.632000+00:00,Rwanda,30.0798885,-1.9574445,0.0
1894833158557479,oPzfADSUnFK0puXb3h9cdZ,103644195212255,kingvik,2026-10-02T08:58:30.686000+00:00,Rwanda,30.0917198,-1.9720598,0.0
1952878632058949,CmRbdMlvyTxrnf6KuwBQIV,103644195212255,kingvik,2026-10-02T09:00:49.607000+00:00,Rwanda,30.0855431,-1.9628056,0.0
1967796633892365,oPzfADSUnFK0puXb3h9cdZ,103644195212255,kingvik,2026-10-02T08:57:24.646000+00:00,Rwanda,30.0976437,-1.9757597,0.0
1972849033632224,oPzfADSUnFK0puXb3h9cdZ,103644195212255,kingvik,2026-10-02T08:57:03.640000+00:00,Rwanda,30.0988588,-1.9771763,0.0
1973306660005054,CmRbdMlvyTxrnf6KuwBQIV,103644195212255,kingvik,2026-10-02T08:59:37.667000+00:00,Rwanda,30.0885489,-1.9689038,0.0
1973881436633323,CmRbdMlvyTxrnf6KuwBQIV,103644195212255,kingvik,2026-10-02T09:01:24.630000+00:00,Rwanda,30.0823814,-1.9603009,0.0
1974540139890521,oPzfADSUnFK0puXb3h9cdZ,103644195212255,kingvik,2026-10-02T08:56:53.646000+00:00,Rwanda,30.0992801,-1.9776352,0.0
1981415952523551,oPzfADSUnFK0puXb3h9cdZ,103644195212255,kingvik,2026-10-02T08:57:41.762000+00:00,Rwanda,30.0963644,-1.9744407,0.0
1986475368704860,CmRbdMlvyTxrnf6KuwBQIV,103644195212255,kingvik,2026-10-02T09:01:28.639000+00:00,Rwanda,30.0820617,-1.9599775,0.0
1988172008524194,CmRbdMlvyTxrnf6KuwBQIV,103644195212255,kingvik,2026-10-02T09:02:21.603000+00:00,Rwanda,30.0787453,-1.955767,0.0
1992174511418612,oPzfADSUnFK0puXb3h9cdZ,103644195212255,kingvik,2026-10-02T08:57:17.675000+00:00,Rwanda,30.0980789,-1.9762787,0.0
1999906074002486,oPzfADSUnFK0puXb3h9cdZ,103644195212255,kingvik,2026-10-02T08:56:56.606000+00:00,Rwanda,30.0991476,-1.9774886,0.0
2009705403025798,CmRbdMlvyTxrnf6KuwBQIV,103644195212255,kingvik,2026-10-02T09:01:02.663000+00:00,Rwanda,30.0845083,-1.9617974,0.0
2013571672652373,oPzfADSUnFK0puXb3h9cdZ,103644195212255,kingvik,2026-10-02T08:55:32.670000+00:00,Rwanda,30.1028345,-1.9808948,0.0
2022760131627592,oPzfADSUnFK0puXb3h9cdZ,103644195212255,kingvik,2026-10-02T08:57:05.604000+00:00,Rwanda,30.0987804,-1.9770927,0.0
2028986144412761,CmRbdMlvyTxrnf6KuwBQIV,103644195212255,kingvik,2026-10-02T09:03:00.631000+00:00,Rwanda,30.0780744,-1.9528592,0.0
2040757833237280,oPzfADSUnFK0puXb3h9cdZ,103644195212255,kingvik,2026-10-02T08:57:15.677000+00:00,Rwanda,30.0981991,-1.9764293,0.0
2051615735525646,CmRbdMlvyTxrnf6KuwBQIV,103644195212255,kingvik,2026-10-02T09:01:48.597000+00:00,Rwanda,30.0805539,-1.9583206,0.0
2073315714070537,CmRbdMlvyTxrnf6KuwBQIV,103644195212255,kingvik,2026-10-02T09:01:34.673000+00:00,Rwanda,30.0816558,-1.9594289,0.0
2080801186135848,CmRbdMlvyTxrnf6KuwBQIV,103644195212255,kingvik,2026-10-02T09:01:23.658000+00:00,Rwanda,30.0824683,-1.9603782,0.0
2095014034736813,oPzfADSUnFK0puXb3h9cdZ,103644195212255,kingvik,2026-10-02T08:56:57.599000+00:00,Rwanda,30.0990975,-1.9774327,0.0
2116174082321737,oPzfADSUnFK0puXb3h9cdZ,103644195212255,kingvik,2026-10-02T08:57:10.709000+00:00,Rwanda,30.0985043,-1.9767707,0.0
2116443465635501,CmRbdMlvyTxrnf6KuwBQIV,103644195212255,kingvik,2026-10-02T09:00:55.704000+00:00,Rwanda,30.0850843,-1.9623414,0.0
2127044827891662,oPzfADSUnFK0puXb3h9cdZ,103644195212255,kingvik,2026-10-02T08:56:05.678000+00:00,Rwanda,30.1012317,-1.9793654,0.0
2130620240866604,oPzfADSUnFK0puXb3h9cdZ,103644195212255,kingvik,2026-10-02T08:58:17.770000+00:00,Rwanda,30.0931576,-1.9724808,0.0
2135099197380419,CmRbdMlvyTxrnf6KuwBQIV,103644195212255,kingvik,2026-10-02T09:01:45.636000+00:00,Rwanda,30.080801,-1.9585495,0.0
2135641887325975,oPzfADSUnFK0puXb3h9cdZ,103644195212255,kingvik,2026-10-02T08:57:55.763000+00:00,Rwanda,30.0952426,-1.9735413,0.0
2151643135707006,oPzfADSUnFK0puXb3h9cdZ,103644195212255,kingvik,2026-10-02T08:58:25.770000+00:00,Rwanda,30.092282,-1.9721645,0.0
2154427222619567,CmRbdMlvyTxrnf6KuwBQIV,103644195212255,kingvik,2026-10-02T09:01:35.633000+00:00,Rwanda,30.0815872,-1.9593356,0.0
2166994163856625,CmRbdMlvyTxrnf6KuwBQIV,103644195212255,kingvik,2026-10-02T08:59:11.281000+00:00,Rwanda,30.0894496,-1.9701009,0.0
2167938327093440,oPzfADSUnFK0puXb3h9cdZ,103644195212255,kingvik,2026-10-02T08:55:57.614000+00:00,Rwanda,30.1017543,-1.9798723,0.0
2170962313819922,CmRbdMlvyTxrnf6KuwBQIV,103644195212255,kingvik,2026-10-02T09:02:57.599000+00:00,Rwanda,30.0780078,-1.9530864,0.0
2173754196579255,oPzfADSUnFK0puXb3h9cdZ,103644195212255,kingvik,2026-10-02T08:56:51.639000+00:00,Rwanda,30.0993422,-1.9777046,0.0
2183601472558639,oPzfADSUnFK0puXb3h9cdZ,103644195212255,kingvik,2026-10-02T08:55:19.709000+00:00,Rwanda,30.1026896,-1.9812539,0.0
2186536682237118,oPzfADSUnFK0puXb3h9cdZ,103644195212255,kingvik,2026-10-02T08:57:31.639000+00:00,Rwanda,30.0971334,-1.9752081,0.0
2191972688401914,oPzfADSUnFK0puXb3h9cdZ,103644195212255,kingvik,2026-10-02T08:55:26.641000+00:00,Rwanda,30.10285,-1.9810276,0.0
2192609711354195,CmRbdMlvyTxrnf6KuwBQIV,103644195212255,kingvik,2026-10-02T09:02:24.598000+00:00,Rwanda,30.0785291,-1.9555792,0.0
2193480217931354,CmRbdMlvyTxrnf6KuwBQIV,103644195212255,kingvik,2026-10-02T08:59:48.667000+00:00,Rwanda,30.0887034,-1.9682504,0.0
2209039453363904,CmRbdMlvyTxrnf6KuwBQIV,103644195212255,kingvik,2026-10-02T09:02:27.702000+00:00,Rwanda,30.0783719,-1.9552957,0.0
2213821586201852,oPzfADSUnFK0puXb3h9cdZ,103644195212255,kingvik,2026-10-02T08:55:37.912000+00:00,Rwanda,30.1026669,-1.98077,0.0
2217676995628376,CmRbdMlvyTxrnf6KuwBQIV,103644195212255,kingvik,2026-10-02T08:59:46.631000+00:00,Rwanda,30.088636,-1.9684281,0.0
2223425388231185,CmRbdMlvyTxrnf6KuwBQIV,103644195212255,kingvik,2026-10-02T09:02:15.631000+00:00,Rwanda,30.079164,-1.9559211,0.0
2236623930234529,oPzfADSUnFK0puXb3h9cdZ,103644195212255,kingvik,2026-10-02T08:56:03.643000+00:00,Rwanda,30.1013641,-1.979489,0.0
2257894631445662,CmRbdMlvyTxrnf6KuwBQIV,103644195212255,kingvik,2026-10-02T08:59:47.696000+00:00,Rwanda,30.0886674,-1.9683429,0.0
2276121559904540,CmRbdMlvyTxrnf6KuwBQIV,103644195212255,kingvik,2026-10-02T09:01:20.628000+00:00,Rwanda,30.0827749,-1.960592,0.0
2280453816122504,CmRbdMlvyTxrnf6KuwBQIV,103644195212255,kingvik,2026-10-02T09:01:53.629000+00:00,Rwanda,30.0801834,-1.9578961,0.0
2282825242550154,CmRbdMlvyTxrnf6KuwBQIV,103644195212255,kingvik,2026-10-02T08:59:27.700000+00:00,Rwanda,30.0889399,-1.9694704,0.0
2287667668440810,CmRbdMlvyTxrnf6KuwBQIV,103644195212255,kingvik,2026-10-02T08:59:57.639000+00:00,Rwanda,30.088815,-1.9677223,0.0
2290354761781317,CmRbdMlvyTxrnf6KuwBQIV,103644195212255,kingvik,2026-10-02T09:00:01.672000+00:00,Rwanda,30.0886332,-1.9675133,0.0
2299619734195389,oPzfADSUnFK0puXb3h9cdZ,103644195212255,kingvik,2026-10-02T08:55:30.723000+00:00,Rwanda,30.102887,-1.9809435,0.0
2306504073483579,oPzfADSUnFK0puXb3h9cdZ,103644195212255,kingvik,2026-10-02T08:56:36.613000+00:00,Rwanda,30.0998863,-1.9782604,0.0
2310607953046493,oPzfADSUnFK0puXb3h9cdZ,103644195212255,kingvik,2026-10-02T08:55:33.681000+00:00,Rwanda,30.1028005,-1.9808701,0.0
2311681362702545,CmRbdMlvyTxrnf6KuwBQIV,103644195212255,kingvik,2026-10-02T08:59:02.067000+00:00,Rwanda,30.0898894,-1.9707994,0.0
2319750905490554,CmRbdMlvyTxrnf6KuwBQIV,103644195212255,kingvik,2026-10-02T09:02:38.638000+00:00,Rwanda,30.0779747,-1.9541929,0.0
2320922202041136,CmRbdMlvyTxrnf6KuwBQIV,103644195212255,kingvik,2026-10-02T09:02:40.636000+00:00,Rwanda,30.077957,-1.9540635,0.0
2322742788491868,CmRbdMlvyTxrnf6KuwBQIV,103644195212255,kingvik,2026-10-02T09:01:37.666000+00:00,Rwanda,30.0814439,-1.9591582,0.0
2325634158255379,oPzfADSUnFK0puXb3h9cdZ,103644195212255,kingvik,2026-10-02T08:56:15.639000+00:00,Rwanda,30.1007018,-1.9788584,0.0
2330691120800830,oPzfADSUnFK0puXb3h9cdZ,103644195212255,kingvik,2026-10-02T08:56:11.708000+00:00,Rwanda,30.1008941,-1.9790411,0.0
2330886877450872,oPzfADSUnFK0puXb3h9cdZ,103644195212255,kingvik,2026-10-02T08:56:46.676000+00:00,Rwanda,30.0995023,-1.9778865,0.0
2332448650855225,oPzfADSUnFK0puXb3h9cdZ,103644195212255,kingvik,2026-10-02T08:55:51.632000+00:00,Rwanda,30.1021023,-1.9802326,0.0
2337317830343077,CmRbdMlvyTxrnf6KuwBQIV,103644195212255,kingvik,2026-10-02T08:59:25.713000+00:00,Rwanda,30.0889971,-1.9695418,0.0
2338687383610719,CmRbdMlvyTxrnf6KuwBQIV,103644195212255,kingvik,2026-10-02T09:00:05.642000+00:00,Rwanda,30.0883999,-1.9671697,0.0
2376208856540908,CmRbdMlvyTxrnf6KuwBQIV,103644195212255,kingvik,2026-10-02T09:01:26.674000+00:00,Rwanda,30.0822164,-1.9601452,0.0
2379016839594271,CmRbdMlvyTxrnf6KuwBQIV,103644195212255,kingvik,2026-10-02T09:02:55.670000+00:00,Rwanda,30.0779714,-1.9532227,0.0
2396597027544155,oPzfADSUnFK0puXb3h9cdZ,103644195212255,kingvik,2026-10-02T08:55:29.156000+00:00,Rwanda,30.1028842,-1.9809632,0.0
2442596376150763,oPzfADSUnFK0puXb3h9cdZ,103644195212255,kingvik,2026-10-02T08:57:42.701000+00:00,Rwanda,30.0962801,-1.9743671,0.0
2453692131788270,oPzfADSUnFK0puXb3h9cdZ,103644195212255,kingvik,2026-10-02T08:56:50.706000+00:00,Rwanda,30.0993701,-1.9777394,0.0
2459953981194435,CmRbdMlvyTxrnf6KuwBQIV,103644195212255,kingvik,2026-10-02T09:01:29.607000+00:00,Rwanda,30.0819945,-1.9598884,0.0
2468647176957183,oPzfADSUnFK0puXb3h9cdZ,103644195212255,kingvik,2026-10-02T08:56:22.638000+00:00,Rwanda,30.1004624,-1.9786572,0.0
2478741632649985,CmRbdMlvyTxrnf6KuwBQIV,103644195212255,kingvik,2026-10-02T09:00:46.663000+00:00,Rwanda,30.0857408,-1.9630825,0.0
2498654577213481,CmRbdMlvyTxrnf6KuwBQIV,103644195212255,kingvik,2026-10-02T08:59:07.820000+00:00,Rwanda,30.0896492,-1.9704066,0.0
2504067590385980,oPzfADSUnFK0puXb3h9cdZ,103644195212255,kingvik,2026-10-02T08:55:21.601000+00:00,Rwanda,30.102774,-1.9811862,0.0
2517084538718582,CmRbdMlvyTxrnf6KuwBQIV,103644195212255,kingvik,2026-10-02T09:00:57.666000+00:00,Rwanda,30.084917,-1.9621953,0.0
2517536728740729,CmRbdMlvyTxrnf6KuwBQIV,103644195212255,kingvik,2026-10-02T09:01:07.662000+00:00,Rwanda,30.0840937,-1.9613852,0.0
2523151574863626,CmRbdMlvyTxrnf6KuwBQIV,103644195212255,kingvik,2026-10-02T09:00:23.669000+00:00,Rwanda,30.087358,-1.9655116,0.0
2525328347975680,oPzfADSUnFK0puXb3h9cdZ,103644195212255,kingvik,2026-10-02T08:56:43.643000+00:00,Rwanda,30.0995881,-1.9779793,0.0
2546593295849719,oPzfADSUnFK0puXb3h9cdZ,103644195212255,kingvik,2026-10-02T08:57:59.796000+00:00,Rwanda,30.0949864,-1.9733651,0.0
2550613308751918,oPzfADSUnFK0puXb3h9cdZ,103644195212255,kingvik,2026-10-02T08:58:36.672000+00:00,Rwanda,30.0911925,-1.9718813,0.0
2566511277108121,oPzfADSUnFK0puXb3h9cdZ,103644195212255,kingvik,2026-10-02T08:55:41.674000+00:00,Rwanda,30.10252,-1.9806406,0.0
2572652609918377,oPzfADSUnFK0puXb3h9cdZ,103644195212255,kingvik,2026-10-02T08:55:29.668000+00:00,Rwanda,30.1028842,-1.9809632,0.0
2588671681581396,CmRbdMlvyTxrnf6KuwBQIV,103644195212255,kingvik,2026-10-02T09:00:24.635000+00:00,Rwanda,30.0872956,-1.9654189,0.0
2608420766289787,CmRbdMlvyTxrnf6KuwBQIV,103644195212255,kingvik,2026-10-02T09:02:36.598000+00:00,Rwanda,30.0780153,-1.9543704,0.0
2612615419189388,CmRbdMlvyTxrnf6KuwBQIV,103644195212255,kingvik,2026-10-02T08:59:53.665000+00:00,Rwanda,30.08884,-1.9678829,0.0
2614554972309956,CmRbdMlvyTxrnf6KuwBQIV,103644195212255,kingvik,2026-10-02T09:01:31.642000+00:00,Rwanda,30.0818661,-1.9597073,0.0
2619087601926894,CmRbdMlvyTxrnf6KuwBQIV,103644195212255,kingvik,2026-10-02T09:02:33.598000+00:00,Rwanda,30.0781163,-1.9546834,0.0
2635738403550591,CmRbdMlvyTxrnf6KuwBQIV,103644195212255,kingvik,2026-10-02T09:02:03.609000+00:00,Rwanda,30.0796248,-1.9569419,0.0
2641664472958288,oPzfADSUnFK0puXb3h9cdZ,103644195212255,kingvik,2026-10-02T08:56:32.637000+00:00,Rwanda,30.1000573,-1.9783673,0.0
2647274172342034,oPzfADSUnFK0puXb3h9cdZ,103644195212255,kingvik,2026-10-02T08:56:54.641000+00:00,Rwanda,30.0992411,-1.9775937,0.0
2648763495579668,oPzfADSUnFK0puXb3h9cdZ,103644195212255,kingvik,2026-10-02T08:55:23.668000+00:00,Rwanda,30.1028279,-1.9811153,0.0
2652931858453691,CmRbdMlvyTxrnf6KuwBQIV,103644195212255,kingvik,2026-10-02T08:59:58.601000+00:00,Rwanda,30.0887833,-1.9676804,0.0
2652973425136380,oPzfADSUnFK0puXb3h9cdZ,103644195212255,kingvik,2026-10-02T08:58:41.226000+00:00,Rwanda,30.0908466,-1.9716851,0.0
2662929884165581,CmRbdMlvyTxrnf6KuwBQIV,103644195212255,kingvik,2026-10-02T09:00:02.662000+00:00,Rwanda,30.0885725,-1.9674358,0.0
2691818267882697,CmRbdMlvyTxrnf6KuwBQIV,103644195212255,kingvik,2026-10-02T09:01:43.667000+00:00,Rwanda,30.0809755,-1.958698,0.0
2713919855672420,CmRbdMlvyTxrnf6KuwBQIV,103644195212255,kingvik,2026-10-02T09:03:01.595000+00:00,Rwanda,30.0780975,-1.9527833,0.0
2809173329465951,oPzfADSUnFK0puXb3h9cdZ,103644195212255,kingvik,2026-10-02T08:55:20.604000+00:00,Rwanda,30.1027352,-1.9812197,0.0
2848521642190558,CmRbdMlvyTxrnf6KuwBQIV,103644195212255,kingvik,2026-10-02T09:02:00.628000+00:00,Rwanda,30.0797786,-1.9572522,0.0
2877762989248051,oPzfADSUnFK0puXb3h9cdZ,103644195212255,kingvik,2026-10-02T08:58:34.695000+00:00,Rwanda,30.0913456,-1.9719595,0.0
2963256370701399,oPzfADSUnFK0puXb3h9cdZ,103644195212255,kingvik,2026-10-02T08:56:08.676000+00:00,Rwanda,30.1010531,-1.9792009,0.0
2982075168798873,oPzfADSUnFK0puXb3h9cdZ,103644195212255,kingvik,2026-10-02T08:58:20.726000+00:00,Rwanda,30.0928565,-1.9723306,0.0
2982820048734019,CmRbdMlvyTxrnf6KuwBQIV,103644195212255,kingvik,2026-10-02T09:00:48.632000+00:00,Rwanda,30.0856023,-1.9628918,0.0
3072299616446641,oPzfADSUnFK0puXb3h9cdZ,103644195212255,kingvik,2026-10-02T08:55:16.642000+00:00,Rwanda,30.102525,-1.9813862,0.0
3173276733063871,CmRbdMlvyTxrnf6KuwBQIV,103644195212255,kingvik,2026-10-02T09:02:02.662000+00:00,Rwanda,30.0796725,-1.9570476,0.0
3184921798378879,CmRbdMlvyTxrnf6KuwBQIV,103644195212255,kingvik,2026-10-02T08:59:01.881000+00:00,Rwanda,30.0899445,-1.9708727,0.0
3214938395377544,oPzfADSUnFK0puXb3h9cdZ,103644195212255,kingvik,2026-10-02T08:55:18.607000+00:00,Rwanda,30.10264,-1.9812942,0.0
3231215307268579,oPzfADSUnFK0puXb3h9cdZ,103644195212255,kingvik,2026-10-02T08:56:23.642000+00:00,Rwanda,30.1004314,-1.9786359,0.0
3307631586292877,oPzfADSUnFK0puXb3h9cdZ,103644195212255,kingvik,2026-10-02T08:56:24.642000+00:00,Rwanda,30.1003973,-1.9786107,0.0
3703621823122227,oPzfADSUnFK0puXb3h9cdZ,103644195212255,kingvik,2026-10-02T08:57:53.718000+00:00,Rwanda,30.0953803,-1.9736529,0.0
3762944490539156,CmRbdMlvyTxrnf6KuwBQIV,103644195212255,kingvik,2026-10-02T09:02:11.663000+00:00,Rwanda,30.0792667,-1.9561695,0.0
3992696204370773,CmRbdMlvyTxrnf6KuwBQIV,103644195212255,kingvik,2026-10-02T09:01:33.595000+00:00,Rwanda,30.0817274,-1.9595257,0.0
4105441493085646,oPzfADSUnFK0puXb3h9cdZ,103644195212255,kingvik,2026-10-02T08:57:23.643000+00:00,Rwanda,30.0977115,-1.9758317,0.0
4321967448057819,oPzfADSUnFK0puXb3h9cdZ,103644195212255,kingvik,2026-10-02T08:58:37.722000+00:00,Rwanda,30.0911189,-1.9718396,0.0
4372678529648624,CmRbdMlvyTxrnf6KuwBQIV,103644195212255,kingvik,2026-10-02T08:59:21.879000+00:00,Rwanda,30.0890853,-1.9696475,0.0
4487665458172582,oPzfADSUnFK0puXb3h9cdZ,103644195212255,kingvik,2026-10-02T08:55:35.673000+00:00,Rwanda,30.1027328,-1.980821,0.0
4491270834491984,oPzfADSUnFK0puXb3h9cdZ,103644195212255,kingvik,2026-10-02T08:57:51.682000+00:00,Rwanda,30.0955396,-1.9737711,0.0
4561666244073900,oPzfADSUnFK0puXb3h9cdZ,103644195212255,kingvik,2026-10-02T08:58:16.731000+00:00,Rwanda,30.0932605,-1.972535,0.0
4691303554481976,CmRbdMlvyTxrnf6KuwBQIV,103644195212255,kingvik,2026-10-02T08:59:28.668000+00:00,Rwanda,30.0889108,-1.9694266,0.0
4693580000918682,oPzfADSUnFK0puXb3h9cdZ,103644195212255,kingvik,2026-10-02T08:55:42.675000+00:00,Rwanda,30.1024782,-1.9806059,0.0
4756355827974034,CmRbdMlvyTxrnf6KuwBQIV,103644195212255,kingvik,2026-10-02T09:00:21.631000+00:00,Rwanda,30.0874767,-1.9656937,0.0
4812665808961390,CmRbdMlvyTxrnf6KuwBQIV,103644195212255,kingvik,2026-10-02T09:01:10.629000+00:00,Rwanda,30.0838216,-1.9611546,0.0
4849189502069278,oPzfADSUnFK0puXb3h9cdZ,103644195212255,kingvik,2026-10-02T08:58:45.771000+00:00,Rwanda,30.0906171,-1.9715348,0.0
28207355578946851,CmRbdMlvyTxrnf6KuwBQIV,103644195212255,kingvik,2026-10-02T09:02:47.640000+00:00,Rwanda,30.0779128,-1.9537238,0.0
28278773201818860,CmRbdMlvyTxrnf6KuwBQIV,103644195212255,kingvik,2026-10-02T08:59:49.794000+00:00,Rwanda,30.0887405,-1.9681556,0.0
28347833051575187,CmRbdMlvyTxrnf6KuwBQIV,103644195212255,kingvik,2026-10-02T08:59:16.716000+00:00,Rwanda,30.089234,-1.9698316,0.0
28388564057471132,CmRbdMlvyTxrnf6KuwBQIV,103644195212255,kingvik,2026-10-02T09:03:06.706000+00:00,Rwanda,30.078192,-1.9524685,0.0
28414600608233832,oPzfADSUnFK0puXb3h9cdZ,103644195212255,kingvik,2026-10-02T08:58:02.762000+00:00,Rwanda,30.0946941,-1.9732337,0.0
28416016731426292,oPzfADSUnFK0puXb3h9cdZ,103644195212255,kingvik,2026-10-02T08:55:40.679000+00:00,Rwanda,30.1025577,-1.9806774,0.0
28438069019178329,CmRbdMlvyTxrnf6KuwBQIV,103644195212255,kingvik,2026-10-02T09:03:03.408000+00:00,Rwanda,30.07814,-1.952648,0.0
28457896640542371,oPzfADSUnFK0puXb3h9cdZ,103644195212255,kingvik,2026-10-02T08:56:35.638000+00:00,Rwanda,30.0999345,-1.9782948,0.0
28471555072525955,CmRbdMlvyTxrnf6KuwBQIV,103644195212255,kingvik,2026-10-02T09:00:09.666000+00:00,Rwanda,30.0881743,-1.9667936,0.0
28479103971745754,CmRbdMlvyTxrnf6KuwBQIV,103644195212255,kingvik,2026-10-02T09:00:47.641000+00:00,Rwanda,30.0856703,-1.962983,0.0
28549613814701963,oPzfADSUnFK0puXb3h9cdZ,103644195212255,kingvik,2026-10-02T08:58:15.683000+00:00,Rwanda,30.0933765,-1.972586,0.0
28589993117323977,oPzfADSUnFK0puXb3h9cdZ,103644195212255,kingvik,2026-10-02T08:58:31.693000+00:00,Rwanda,30.0916196,-1.9720398,0.0
28633061339687175,CmRbdMlvyTxrnf6KuwBQIV,103644195212255,kingvik,2026-10-02T09:01:52.667000+00:00,Rwanda,30.0802524,-1.9579831,0.0
28662840516668482,oPzfADSUnFK0puXb3h9cdZ,103644195212255,kingvik,2026-10-02T08:57:35.634000+00:00,Rwanda,30.0968319,-1.9748917,0.0
28763259540027022,CmRbdMlvyTxrnf6KuwBQIV,103644195212255,kingvik,2026-10-02T08:59:09.265000+00:00,Rwanda,30.0895551,-1.9702513,0.0
28827136520239096,CmRbdMlvyTxrnf6KuwBQIV,103644195212255,kingvik,2026-10-02T09:01:44.666000+00:00,Rwanda,30.0808882,-1.9586217,0.0
28844624595161664,oPzfADSUnFK0puXb3h9cdZ,103644195212255,kingvik,2026-10-02T08:55:38.611000+00:00,Rwanda,30.1026321,-1.9807417,0.0
29251367214447427,CmRbdMlvyTxrnf6KuwBQIV,103644195212255,kingvik,2026-10-02T08:59:36.720000+00:00,Rwanda,30.0885795,-1.9689645,0.0
29415959554672798,CmRbdMlvyTxrnf6KuwBQIV,103644195212255,kingvik,2026-10-02T09:00:37.701000+00:00,Rwanda,30.0863855,-1.9640251,0.0
923865627196685,CmRbdMlvyTxrnf6KuwBQIV,103644195212255,kingvik,2026-10-02T09:03:35.722000+00:00,Rwanda,30.0777139,-1.9505323,0.0
952913977894374,CmRbdMlvyTxrnf6KuwBQIV,103644195212255,kingvik,2026-10-02T09:04:55.651000+00:00,Rwanda,30.0772821,-1.9454609,0.0
988496470945899,CmRbdMlvyTxrnf6KuwBQIV,103644195212255,kingvik,2026-10-02T09:03:38.744000+00:00,Rwanda,30.0775704,-1.9503207,0.0
1001841202946154,CmRbdMlvyTxrnf6KuwBQIV,103644195212255,kingvik,2026-10-02T09:04:32.695000+00:00,Rwanda,30.0756368,-1.9468742,0.0
1008185875619958,CmRbdMlvyTxrnf6KuwBQIV,103644195212255,kingvik,2026-10-02T09:05:38.668000+00:00,Rwanda,30.0798364,-1.9433297,0.0
1040880695641307,CmRbdMlvyTxrnf6KuwBQIV,103644195212255,kingvik,2026-10-02T09:04:56.668000+00:00,Rwanda,30.0773633,-1.9454785,0.0
1043427702072020,CmRbdMlvyTxrnf6KuwBQIV,103644195212255,kingvik,2026-10-02T09:04:26.595000+00:00,Rwanda,30.0757548,-1.9474899,0.0
1049787067894225,CmRbdMlvyTxrnf6KuwBQIV,103644195212255,kingvik,2026-10-02T09:03:37.700000+00:00,Rwanda,30.0776114,-1.9503921,0.0
1055607244188437,CmRbdMlvyTxrnf6KuwBQIV,103644195212255,kingvik,2026-10-02T09:04:02.701000+00:00,Rwanda,30.0765809,-1.9489052,0.0
1066864376353628,CmRbdMlvyTxrnf6KuwBQIV,103644195212255,kingvik,2026-10-02T09:05:20.634000+00:00,Rwanda,30.0783404,-1.9451101,0.0
1066920455956468,CmRbdMlvyTxrnf6KuwBQIV,103644195212255,kingvik,2026-10-02T09:04:47.601000+00:00,Rwanda,30.0764665,-1.9455071,0.0
1069175179331241,CmRbdMlvyTxrnf6KuwBQIV,103644195212255,kingvik,2026-10-02T09:04:28.666000+00:00,Rwanda,30.0757042,-1.9472992,0.0
1074183618926948,CmRbdMlvyTxrnf6KuwBQIV,103644195212255,kingvik,2026-10-02T09:05:35.600000+00:00,Rwanda,30.0797606,-1.943685,0.0
1080784628005851,CmRbdMlvyTxrnf6KuwBQIV,103644195212255,kingvik,2026-10-02T09:04:22.670000+00:00,Rwanda,30.0758334,-1.9478404,0.0
1081123184661733,CmRbdMlvyTxrnf6KuwBQIV,103644195212255,kingvik,2026-10-02T09:03:33.751000+00:00,Rwanda,30.077818,-1.9506877,0.0
1082071394616916,CmRbdMlvyTxrnf6KuwBQIV,103644195212255,kingvik,2026-10-02T09:04:52.689000+00:00,Rwanda,30.0769949,-1.9454128,0.0
1087756333981428,CmRbdMlvyTxrnf6KuwBQIV,103644195212255,kingvik,2026-10-02T09:05:17.638000+00:00,Rwanda,30.078047,-1.945273,0.0
1091411106635976,CmRbdMlvyTxrnf6KuwBQIV,103644195212255,kingvik,2026-10-02T09:05:51.670000+00:00,Rwanda,30.0792238,-1.9421952,0.0
1095380539860722,CmRbdMlvyTxrnf6KuwBQIV,103644195212255,kingvik,2026-10-02T09:05:13.663000+00:00,Rwanda,30.0778345,-1.9454803,0.0
1096983239862712,CmRbdMlvyTxrnf6KuwBQIV,103644195212255,kingvik,2026-10-02T09:03:28.634000+00:00,Rwanda,30.078111,-1.9511047,0.0
1097647996365580,CmRbdMlvyTxrnf6KuwBQIV,103644195212255,kingvik,2026-10-02T09:04:43.749000+00:00,Rwanda,30.0760915,-1.9457404,0.0
1099684525979605,CmRbdMlvyTxrnf6KuwBQIV,103644195212255,kingvik,2026-10-02T09:05:25.659000+00:00,Rwanda,30.0788855,-1.9447763,0.0
1104954165319348,CmRbdMlvyTxrnf6KuwBQIV,103644195212255,kingvik,2026-10-02T09:05:29.595000+00:00,Rwanda,30.0793034,-1.9443875,0.0
1120406867096320,CmRbdMlvyTxrnf6KuwBQIV,103644195212255,kingvik,2026-10-02T09:03:36.750000+00:00,Rwanda,30.0776583,-1.9504606,0.0
1122749680228241,CmRbdMlvyTxrnf6KuwBQIV,103644195212255,kingvik,2026-10-02T09:03:22.788000+00:00,Rwanda,30.0782983,-1.951594,0.0
1123151567028193,CmRbdMlvyTxrnf6KuwBQIV,103644195212255,kingvik,2026-10-02T09:04:19.668000+00:00,Rwanda,30.0758818,-1.9480817,0.0
1123779326783320,CmRbdMlvyTxrnf6KuwBQIV,103644195212255,kingvik,2026-10-02T09:03:34.688000+00:00,Rwanda,30.0777668,-1.950603,0.0
1128813086384860,CmRbdMlvyTxrnf6KuwBQIV,103644195212255,kingvik,2026-10-02T09:05:27.640000+00:00,Rwanda,30.079102,-1.9445982,0.0
1154671210219804,CmRbdMlvyTxrnf6KuwBQIV,103644195212255,kingvik,2026-10-02T09:03:49.632000+00:00,Rwanda,30.0770876,-1.9495873,0.0
1309489897854337,CmRbdMlvyTxrnf6KuwBQIV,103644195212255,kingvik,2026-10-02T09:03:52.667000+00:00,Rwanda,30.0769557,-1.949425,0.0
1341896721168699,CmRbdMlvyTxrnf6KuwBQIV,103644195212255,kingvik,2026-10-02T09:05:19.635000+00:00,Rwanda,30.0782378,-1.9451612,0.0
1364895423371210,CmRbdMlvyTxrnf6KuwBQIV,103644195212255,kingvik,2026-10-02T09:04:54.661000+00:00,Rwanda,30.0771925,-1.945438,0.0
1387902519727328,CmRbdMlvyTxrnf6KuwBQIV,103644195212255,kingvik,2026-10-02T09:05:11.045000+00:00,Rwanda,30.0777943,-1.9455353,0.0
1396872882507348,CmRbdMlvyTxrnf6KuwBQIV,103644195212255,kingvik,2026-10-02T09:05:33.631000+00:00,Rwanda,30.0796377,-1.9439217,0.0
1401771328604637,CmRbdMlvyTxrnf6KuwBQIV,103644195212255,kingvik,2026-10-02T09:03:39.732000+00:00,Rwanda,30.0775304,-1.9502554,0.0
1403940008606214,CmRbdMlvyTxrnf6KuwBQIV,103644195212255,kingvik,2026-10-02T09:04:23.626000+00:00,Rwanda,30.0758136,-1.9477483,0.0
1405233691711779,CmRbdMlvyTxrnf6KuwBQIV,103644195212255,kingvik,2026-10-02T09:03:24.716000+00:00,Rwanda,30.0782585,-1.9514345,0.0
1406018011702672,CmRbdMlvyTxrnf6KuwBQIV,103644195212255,kingvik,2026-10-02T09:03:55.678000+00:00,Rwanda,30.0768438,-1.9493191,0.0
1407876957452084,CmRbdMlvyTxrnf6KuwBQIV,103644195212255,kingvik,2026-10-02T09:03:27.643000+00:00,Rwanda,30.0781584,-1.951188,0.0
1409486613953839,CmRbdMlvyTxrnf6KuwBQIV,103644195212255,kingvik,2026-10-02T09:03:48.617000+00:00,Rwanda,30.0771309,-1.9496518,0.0
1411705330494164,CmRbdMlvyTxrnf6KuwBQIV,103644195212255,kingvik,2026-10-02T09:05:14.631000+00:00,Rwanda,30.0778647,-1.9454393,0.0
1414032727364391,CmRbdMlvyTxrnf6KuwBQIV,103644195212255,kingvik,2026-10-02T09:03:23.698000+00:00,Rwanda,30.0782847,-1.9515145,0.0
1414711900875108,CmRbdMlvyTxrnf6KuwBQIV,103644195212255,kingvik,2026-10-02T09:05:42.635000+00:00,Rwanda,30.0797163,-1.9428681,0.0
1423339319772639,CmRbdMlvyTxrnf6KuwBQIV,103644195212255,kingvik,2026-10-02T09:05:36.667000+00:00,Rwanda,30.0798024,-1.9435642,0.0
1423843299240524,CmRbdMlvyTxrnf6KuwBQIV,103644195212255,kingvik,2026-10-02T09:04:57.636000+00:00,Rwanda,30.0774376,-1.9454928,0.0
1424603226533675,CmRbdMlvyTxrnf6KuwBQIV,103644195212255,kingvik,2026-10-02T09:03:17.705000+00:00,Rwanda,30.0783029,-1.951985,0.0
1424889092942511,CmRbdMlvyTxrnf6KuwBQIV,103644195212255,kingvik,2026-10-02T09:05:41.672000+00:00,Rwanda,30.0797626,-1.9429725,0.0
1427520552828714,CmRbdMlvyTxrnf6KuwBQIV,103644195212255,kingvik,2026-10-02T09:03:43.746000+00:00,Rwanda,30.077366,-1.9499961,0.0
1430006862528800,CmRbdMlvyTxrnf6KuwBQIV,103644195212255,kingvik,2026-10-02T09:05:16.668000+00:00,Rwanda,30.0779716,-1.9453311,0.0
1433232322107803,CmRbdMlvyTxrnf6KuwBQIV,103644195212255,kingvik,2026-10-02T09:04:05.632000+00:00,Rwanda,30.0764781,-1.9486662,0.0
1443784267714935,CmRbdMlvyTxrnf6KuwBQIV,103644195212255,kingvik,2026-10-02T09:04:29.632000+00:00,Rwanda,30.075683,-1.947198,0.0
1446689420997178,CmRbdMlvyTxrnf6KuwBQIV,103644195212255,kingvik,2026-10-02T09:03:51.606000+00:00,Rwanda,30.0770027,-1.9494732,0.0
1447043193974708,CmRbdMlvyTxrnf6KuwBQIV,103644195212255,kingvik,2026-10-02T09:03:18.764000+00:00,Rwanda,30.0783077,-1.9519042,0.0
1466076758747796,CmRbdMlvyTxrnf6KuwBQIV,103644195212255,kingvik,2026-10-02T09:04:37.635000+00:00,Rwanda,30.0757099,-1.9463165,0.0
1474518434734284,CmRbdMlvyTxrnf6KuwBQIV,103644195212255,kingvik,2026-10-02T09:04:45.754000+00:00,Rwanda,30.0762715,-1.9456077,0.0
1487112826573793,CmRbdMlvyTxrnf6KuwBQIV,103644195212255,kingvik,2026-10-02T09:04:08.634000+00:00,Rwanda,30.0763636,-1.9484349,0.0
1492134979410266,CmRbdMlvyTxrnf6KuwBQIV,103644195212255,kingvik,2026-10-02T09:05:40.603000+00:00,Rwanda,30.0797987,-1.943088,0.0
1518757130271377,CmRbdMlvyTxrnf6KuwBQIV,103644195212255,kingvik,2026-10-02T09:04:13.638000+00:00,Rwanda,30.0761433,-1.9481975,0.0
1525720302919497,CmRbdMlvyTxrnf6KuwBQIV,103644195212255,kingvik,2026-10-02T09:05:31.666000+00:00,Rwanda,30.0794822,-1.944155,0.0
1559684772576933,CmRbdMlvyTxrnf6KuwBQIV,103644195212255,kingvik,2026-10-02T09:05:43.598000+00:00,Rwanda,30.0796578,-1.9427699,0.0
1561325575744863,CmRbdMlvyTxrnf6KuwBQIV,103644195212255,kingvik,2026-10-02T09:04:50.695000+00:00,Rwanda,30.0767874,-1.9454221,0.0
1561993671912540,CmRbdMlvyTxrnf6KuwBQIV,103644195212255,kingvik,2026-10-02T09:04:40.656000+00:00,Rwanda,30.0758648,-1.9459987,0.0
1574049488068643,CmRbdMlvyTxrnf6KuwBQIV,103644195212255,kingvik,2026-10-02T09:04:58.641000+00:00,Rwanda,30.0775106,-1.9455062,0.0
1574403710476931,CmRbdMlvyTxrnf6KuwBQIV,103644195212255,kingvik,2026-10-02T09:04:12.636000+00:00,Rwanda,30.0761965,-1.9482114,0.0
1592177259058536,CmRbdMlvyTxrnf6KuwBQIV,103644195212255,kingvik,2026-10-02T09:05:36.132000+00:00,Rwanda,30.0798024,-1.9435642,0.0
1606512490853591,CmRbdMlvyTxrnf6KuwBQIV,103644195212255,kingvik,2026-10-02T09:03:45.665000+00:00,Rwanda,30.07727,-1.949854,0.0
1607749437558393,CmRbdMlvyTxrnf6KuwBQIV,103644195212255,kingvik,2026-10-02T09:04:16.668000+00:00,Rwanda,30.0759868,-1.9482078,0.0
1612988370299332,CmRbdMlvyTxrnf6KuwBQIV,103644195212255,kingvik,2026-10-02T09:04:16.466000+00:00,Rwanda,30.0759868,-1.9482078,0.0
1613412097123415,CmRbdMlvyTxrnf6KuwBQIV,103644195212255,kingvik,2026-10-02T09:04:15.669000+00:00,Rwanda,30.0760406,-1.9482064,0.0
1615474173570182,CmRbdMlvyTxrnf6KuwBQIV,103644195212255,kingvik,2026-10-02T09:03:41.740000+00:00,Rwanda,30.0774475,-1.9501274,0.0
1639478231095114,CmRbdMlvyTxrnf6KuwBQIV,103644195212255,kingvik,2026-10-02T09:04:14.596000+00:00,Rwanda,30.0760906,-1.9481979,0.0
1642696910722129,CmRbdMlvyTxrnf6KuwBQIV,103644195212255,kingvik,2026-10-02T09:05:46.664000+00:00,Rwanda,30.0794658,-1.9425309,0.0
1644625293687240,CmRbdMlvyTxrnf6KuwBQIV,103644195212255,kingvik,2026-10-02T09:04:20.634000+00:00,Rwanda,30.0758628,-1.9480068,0.0
1645122287045432,CmRbdMlvyTxrnf6KuwBQIV,103644195212255,kingvik,2026-10-02T09:04:30.603000+00:00,Rwanda,30.0756644,-1.9470922,0.0
1645138127238683,CmRbdMlvyTxrnf6KuwBQIV,103644195212255,kingvik,2026-10-02T09:03:58.631000+00:00,Rwanda,30.0767374,-1.9491793,0.0
1647341750348440,CmRbdMlvyTxrnf6KuwBQIV,103644195212255,kingvik,2026-10-02T09:05:45.600000+00:00,Rwanda,30.0795257,-1.9426053,0.0
1649854573535254,CmRbdMlvyTxrnf6KuwBQIV,103644195212255,kingvik,2026-10-02T09:05:44.636000+00:00,Rwanda,30.0795925,-1.9426845,0.0
1654311162885539,CmRbdMlvyTxrnf6KuwBQIV,103644195212255,kingvik,2026-10-02T09:05:05.669000+00:00,Rwanda,30.0777458,-1.9455359,0.0
1660725825620584,CmRbdMlvyTxrnf6KuwBQIV,103644195212255,kingvik,2026-10-02T09:05:46.537000+00:00,Rwanda,30.0794658,-1.9425309,0.0
1660888402360202,CmRbdMlvyTxrnf6KuwBQIV,103644195212255,kingvik,2026-10-02T09:04:17.931000+00:00,Rwanda,30.0759374,-1.9481843,0.0
1726078391803184,CmRbdMlvyTxrnf6KuwBQIV,103644195212255,kingvik,2026-10-02T09:03:29.665000+00:00,Rwanda,30.0780603,-1.9510219,0.0
1727254171673698,CmRbdMlvyTxrnf6KuwBQIV,103644195212255,kingvik,2026-10-02T09:03:25.701000+00:00,Rwanda,30.0782341,-1.9513495,0.0
1744703699931806,CmRbdMlvyTxrnf6KuwBQIV,103644195212255,kingvik,2026-10-02T09:04:41.696000+00:00,Rwanda,30.0759322,-1.945907,0.0
1747709849676927,CmRbdMlvyTxrnf6KuwBQIV,103644195212255,kingvik,2026-10-02T09:05:00.667000+00:00,Rwanda,30.077613,-1.9455236,0.0
1771913707376383,CmRbdMlvyTxrnf6KuwBQIV,103644195212255,kingvik,2026-10-02T09:03:46.637000+00:00,Rwanda,30.0772254,-1.9497851,0.0
1772710710665127,CmRbdMlvyTxrnf6KuwBQIV,103644195212255,kingvik,2026-10-02T09:05:54.666000+00:00,Rwanda,30.0790921,-1.9420177,0.0
1773170080494100,CmRbdMlvyTxrnf6KuwBQIV,103644195212255,kingvik,2026-10-02T09:05:50.697000+00:00,Rwanda,30.0792697,-1.9422555,0.0
1776144957027308,CmRbdMlvyTxrnf6KuwBQIV,103644195212255,kingvik,2026-10-02T09:04:53.596000+00:00,Rwanda,30.0770985,-1.9454204,0.0
1777149413430119,CmRbdMlvyTxrnf6KuwBQIV,103644195212255,kingvik,2026-10-02T09:04:33.597000+00:00,Rwanda,30.0756338,-1.9467608,0.0
1789411112483715,CmRbdMlvyTxrnf6KuwBQIV,103644195212255,kingvik,2026-10-02T09:03:59.601000+00:00,Rwanda,30.0767027,-1.9491185,0.0
1800668494398906,CmRbdMlvyTxrnf6KuwBQIV,103644195212255,kingvik,2026-10-02T09:03:16.810000+00:00,Rwanda,30.0782888,-1.9520567,0.0
1811694163187208,CmRbdMlvyTxrnf6KuwBQIV,103644195212255,kingvik,2026-10-02T09:05:03.593000+00:00,Rwanda,30.0777097,-1.9455338,0.0
1812335576570433,CmRbdMlvyTxrnf6KuwBQIV,103644195212255,kingvik,2026-10-02T09:04:27.674000+00:00,Rwanda,30.0757289,-1.9473959,0.0
1817274709287707,CmRbdMlvyTxrnf6KuwBQIV,103644195212255,kingvik,2026-10-02T09:04:38.306000+00:00,Rwanda,30.0757528,-1.9462044,0.0
1817947002539544,CmRbdMlvyTxrnf6KuwBQIV,103644195212255,kingvik,2026-10-02T09:04:03.602000+00:00,Rwanda,30.0765458,-1.9488242,0.0
1829410921396374,CmRbdMlvyTxrnf6KuwBQIV,103644195212255,kingvik,2026-10-02T09:04:21.595000+00:00,Rwanda,30.0758508,-1.9479242,0.0
1860684731970269,CmRbdMlvyTxrnf6KuwBQIV,103644195212255,kingvik,2026-10-02T09:05:15.599000+00:00,Rwanda,30.0779115,-1.9453897,0.0
1890333738601898,CmRbdMlvyTxrnf6KuwBQIV,103644195212255,kingvik,2026-10-02T09:03:57.636000+00:00,Rwanda,30.0767744,-1.9492318,0.0
1896537418356660,CmRbdMlvyTxrnf6KuwBQIV,103644195212255,kingvik,2026-10-02T09:03:44.691000+00:00,Rwanda,30.0773185,-1.9499254,0.0
1904275864277898,CmRbdMlvyTxrnf6KuwBQIV,103644195212255,kingvik,2026-10-02T09:04:06.600000+00:00,Rwanda,30.0764376,-1.9485849,0.0
1907393367312390,CmRbdMlvyTxrnf6KuwBQIV,103644195212255,kingvik,2026-10-02T09:05:23.674000+00:00,Rwanda,30.0786689,-1.9449291,0.0
1962475084728985,CmRbdMlvyTxrnf6KuwBQIV,103644195212255,kingvik,2026-10-02T09:03:56.665000+00:00,Rwanda,30.0768068,-1.9492794,0.0
1983720175648355,CmRbdMlvyTxrnf6KuwBQIV,103644195212255,kingvik,2026-10-02T09:05:56.666000+00:00,Rwanda,30.0790095,-1.9419059,0.0
2006769126698191,CmRbdMlvyTxrnf6KuwBQIV,103644195212255,kingvik,2026-10-02T09:03:54.599000+00:00,Rwanda,30.0768822,-1.9493557,0.0
2012427529445930,CmRbdMlvyTxrnf6KuwBQIV,103644195212255,kingvik,2026-10-02T09:05:21.600000+00:00,Rwanda,30.0784466,-1.9450519,0.0
2013056942746242,CmRbdMlvyTxrnf6KuwBQIV,103644195212255,kingvik,2026-10-02T09:04:04.666000+00:00,Rwanda,30.0765109,-1.9487441,0.0
2032550880739130,CmRbdMlvyTxrnf6KuwBQIV,103644195212255,kingvik,2026-10-02T09:03:42.730000+00:00,Rwanda,30.0774097,-1.9500625,0.0
2095032097780197,CmRbdMlvyTxrnf6KuwBQIV,103644195212255,kingvik,2026-10-02T09:03:20.724000+00:00,Rwanda,30.0783143,-1.951747,0.0
2097641917505758,CmRbdMlvyTxrnf6KuwBQIV,103644195212255,kingvik,2026-10-02T09:03:26.667000+00:00,Rwanda,30.0782002,-1.9512686,0.0
2109159143016446,CmRbdMlvyTxrnf6KuwBQIV,103644195212255,kingvik,2026-10-02T09:04:00.666000+00:00,Rwanda,30.0766622,-1.9490515,0.0
2113388445946081,CmRbdMlvyTxrnf6KuwBQIV,103644195212255,kingvik,2026-10-02T09:04:10.697000+00:00,Rwanda,30.0762946,-1.9482969,0.0
2117900108813253,CmRbdMlvyTxrnf6KuwBQIV,103644195212255,kingvik,2026-10-02T09:05:18.603000+00:00,Rwanda,30.0781396,-1.9452138,0.0
2152992761958460,CmRbdMlvyTxrnf6KuwBQIV,103644195212255,kingvik,2026-10-02T09:03:19.792000+00:00,Rwanda,30.0783142,-1.9518259,0.0
2171443120447860,CmRbdMlvyTxrnf6KuwBQIV,103644195212255,kingvik,2026-10-02T09:04:25.633000+00:00,Rwanda,30.0757738,-1.9475778,0.0
2174351556842055,CmRbdMlvyTxrnf6KuwBQIV,103644195212255,kingvik,2026-10-02T09:05:53.596000+00:00,Rwanda,30.0791336,-1.9420789,0.0
2182686195927403,CmRbdMlvyTxrnf6KuwBQIV,103644195212255,kingvik,2026-10-02T09:04:11.664000+00:00,Rwanda,30.076246,-1.9482446,0.0
2187287252204409,CmRbdMlvyTxrnf6KuwBQIV,103644195212255,kingvik,2026-10-02T09:04:01.639000+00:00,Rwanda,30.0766243,-1.9489809,0.0
2214899426101131,CmRbdMlvyTxrnf6KuwBQIV,103644195212255,kingvik,2026-10-02T09:04:38.690000+00:00,Rwanda,30.0757528,-1.9462044,0.0
2221208588425117,CmRbdMlvyTxrnf6KuwBQIV,103644195212255,kingvik,2026-10-02T09:04:46.708000+00:00,Rwanda,30.0763665,-1.9455532,0.0
2255083428605337,CmRbdMlvyTxrnf6KuwBQIV,103644195212255,kingvik,2026-10-02T09:03:30.733000+00:00,Rwanda,30.0779967,-1.9509349,0.0
2294457217979929,CmRbdMlvyTxrnf6KuwBQIV,103644195212255,kingvik,2026-10-02T09:04:49.695000+00:00,Rwanda,30.0766789,-1.945444,0.0
2361000074724105,CmRbdMlvyTxrnf6KuwBQIV,103644195212255,kingvik,2026-10-02T09:04:35.673000+00:00,Rwanda,30.0756531,-1.9465354,0.0
2362892697602318,CmRbdMlvyTxrnf6KuwBQIV,103644195212255,kingvik,2026-10-02T09:04:44.720000+00:00,Rwanda,30.076179,-1.945669,0.0
2364773211019362,CmRbdMlvyTxrnf6KuwBQIV,103644195212255,kingvik,2026-10-02T09:05:01.636000+00:00,Rwanda,30.0776563,-1.9455276,0.0
2387417621793042,CmRbdMlvyTxrnf6KuwBQIV,103644195212255,kingvik,2026-10-02T09:03:32.753000+00:00,Rwanda,30.0778729,-1.9507643,0.0
2396191720787920,CmRbdMlvyTxrnf6KuwBQIV,103644195212255,kingvik,2026-10-02T09:05:39.629000+00:00,Rwanda,30.0798243,-1.9432064,0.0
2440580039800305,CmRbdMlvyTxrnf6KuwBQIV,103644195212255,kingvik,2026-10-02T09:04:31.668000+00:00,Rwanda,30.0756486,-1.9469837,0.0
2480686912457334,CmRbdMlvyTxrnf6KuwBQIV,103644195212255,kingvik,2026-10-02T09:03:47.701000+00:00,Rwanda,30.0771756,-1.9497174,0.0
2601674220304192,CmRbdMlvyTxrnf6KuwBQIV,103644195212255,kingvik,2026-10-02T09:03:50.636000+00:00,Rwanda,30.0770463,-1.9495275,0.0
2748354265559030,CmRbdMlvyTxrnf6KuwBQIV,103644195212255,kingvik,2026-10-02T09:05:37.708000+00:00,Rwanda,30.0798258,-1.9434481,0.0
2845918175765207,CmRbdMlvyTxrnf6KuwBQIV,103644195212255,kingvik,2026-10-02T09:03:40.724000+00:00,Rwanda,30.0774864,-1.9501922,0.0
2879084752448557,CmRbdMlvyTxrnf6KuwBQIV,103644195212255,kingvik,2026-10-02T09:05:10.661000+00:00,Rwanda,30.0777781,-1.9455398,0.0
2954843004873515,CmRbdMlvyTxrnf6KuwBQIV,103644195212255,kingvik,2026-10-02T09:04:09.632000+00:00,Rwanda,30.0763269,-1.9483641,0.0
2994123727588311,CmRbdMlvyTxrnf6KuwBQIV,103644195212255,kingvik,2026-10-02T09:03:31.728000+00:00,Rwanda,30.0779349,-1.9508506,0.0
3146206195569218,CmRbdMlvyTxrnf6KuwBQIV,103644195212255,kingvik,2026-10-02T09:04:48.663000+00:00,Rwanda,30.0765705,-1.9454753,0.0
3231686907022457,CmRbdMlvyTxrnf6KuwBQIV,103644195212255,kingvik,2026-10-02T09:05:55.666000+00:00,Rwanda,30.0790551,-1.9419628,0.0
3451900278294426,CmRbdMlvyTxrnf6KuwBQIV,103644195212255,kingvik,2026-10-02T09:03:53.634000+00:00,Rwanda,30.0769188,-1.9493903,0.0
3586424818173514,CmRbdMlvyTxrnf6KuwBQIV,103644195212255,kingvik,2026-10-02T09:04:42.668000+00:00,Rwanda,30.076004,-1.945819,0.0
4057322821071177,CmRbdMlvyTxrnf6KuwBQIV,103644195212255,kingvik,2026-10-02T09:04:39.898000+00:00,Rwanda,30.0758043,-1.9461004,0.0
4189041034561216,CmRbdMlvyTxrnf6KuwBQIV,103644195212255,kingvik,2026-10-02T09:04:07.668000+00:00,Rwanda,30.076401,-1.9485102,0.0
4446217805644580,CmRbdMlvyTxrnf6KuwBQIV,103644195212255,kingvik,2026-10-02T09:05:52.634000+00:00,Rwanda,30.0791779,-1.9421362,0.0
4480996112217037,CmRbdMlvyTxrnf6KuwBQIV,103644195212255,kingvik,2026-10-02T09:04:24.670000+00:00,Rwanda,30.0757939,-1.9476615,0.0
4581222895493621,CmRbdMlvyTxrnf6KuwBQIV,103644195212255,kingvik,2026-10-02T09:04:36.667000+00:00,Rwanda,30.0756728,-1.9464205,0.0
4626722684314057,CmRbdMlvyTxrnf6KuwBQIV,103644195212255,kingvik,2026-10-02T09:04:59.599000+00:00,Rwanda,30.0775665,-1.9455142,0.0
4628441210724571,CmRbdMlvyTxrnf6KuwBQIV,103644195212255,kingvik,2026-10-02T09:04:18.602000+00:00,Rwanda,30.0759036,-1.9481426,0.0
4684856838463481,CmRbdMlvyTxrnf6KuwBQIV,103644195212255,kingvik,2026-10-02T09:04:34.668000+00:00,Rwanda,30.0756404,-1.9466483,0.0
28433403612952906,CmRbdMlvyTxrnf6KuwBQIV,103644195212255,kingvik,2026-10-02T09:03:21.751000+00:00,Rwanda,30.0783087,-1.9516728,0.0
28690517737280410,CmRbdMlvyTxrnf6KuwBQIV,103644195212255,kingvik,2026-10-02T09:04:51.728000+00:00,Rwanda,30.0768897,-1.9454129,0.0
