image_id,sequence_id,user_id,username,captured_at_utc,country,lon,lat
345323465343091,ViJdQ8AFh4Ono5tYK32ruW,101261185454084,unen,2025-02-12T06:29:34.146000+00:00,Türkiye,27.997606334,38.5061076446
345484761993674,FwREfhPn41tpCL7Kbec9XB,101261185454084,unen,2025-02-12T08:15:23.355000+00:00,Türkiye,29.3543626418,38.9563682195
345595141982668,lYV36FwTiQEbdOJNHDZ8jg,101261185454084,unen,2025-02-12T06:39:47.682000+00:00,Türkiye,28.143861699,38.490074574
347058428502729,Cj7BRaH4Nhv5dAgbX9QnDG,101261185454084,unen,2025-02-12T05:36:42.806000+00:00,Türkiye,27.2205750678,38.44220169
347867315088432,AdnMjrh4IJPOgYDR8xseoC,101261185454084,unen,2025-02-12T06:22:40.191000+00:00,Türkiye,27.8909905636,38.506795461
347910035084390,9iF60pkZSgW31btYHG4qfE,101261185454084,unen,2025-02-12T07:46:04.265000+00:00,Türkiye,29.154161401,38.6503165882
347932398415237,dLGWZHDt1Tj9g7kqNXcn4R,101261185454084,unen,2025-02-12T08:39:09.848000+00:00,Türkiye,29.409784737,39.0139707475
348104108398331,sBzWQpgbTC7tZJNEcj9u81,101261185454084,unen,2025-02-12T07:22:27.951000+00:00,Türkiye,28.8028340106,38.589474188
348244778384189,xD1VuJjIkwiaARWy0n6ebC,101261185454084,unen,2025-02-12T07:53:41.295000+00:00,Türkiye,29.2270535486,38.691929975
348691018339406,06QqC85z7FJa9lH2gPmyKk,101261185454084,unen,2025-02-12T09:13:42.751000+00:00,Türkiye,29.8787733386,39.2594618362
348757041666479,DNEMyuBrlTH74hLJaPtosK,101261185454084,unen,2025-02-16T12:25:27.559000+00:00,Türkiye,29.405491563,39.0055521792
348787671663354,fQPKlRTjX4WbID1sAdYNOa,101261185454084,unen,2025-02-16T12:06:26.418000+00:00,Türkiye,29.620731976,39.189033289
349415924933939,INPeuwCGngZBax8lMqV39y,101261185454084,unen,2025-02-16T13:32:46.014000+00:00,Türkiye,28.7790791897,38.5883682127
349903621551696,hsiMIm2VLBPJ5oEY9j80fU,101261185454084,unen,2025-02-13T07:28:30.988000+00:00,Türkiye,30.5034073688,39.759056132
350422058166624,iCcH0X3MklYZhFxgBEStb2,101261185454084,unen,2025-02-16T11:45:27.363000+00:00,Türkiye,29.97442814,39.305197325
350471251494879,mgS8uhNF2wRtqXyUCaeQvB,101261185454084,unen,2025-02-16T11:41:22.297000+00:00,Türkiye,30.0208359125,39.339899803
350880198120521,KwHcuUbjvngRSDtiMIYZap,101261185454084,unen,2025-02-16T12:01:38.264000+00:00,Türkiye,29.6995783916,39.2243553084
351353254739896,Abv6BdNnuJtfXVFgHMLOe7,101261185454084,unen,2025-02-16T12:23:17.758000+00:00,Türkiye,29.417466766,39.033628001
351379494737355,h8tPwfW0UBYGnS16AZXdeE,101261185454084,unen,2025-02-16T12:15:53.398000+00:00,Türkiye,29.476083665,39.098358204
351697241372270,YpKrnjR6zCIyxT0tg5fclH,101261185454084,unen,2025-02-16T12:23:59.799000+00:00,Türkiye,29.4145464172,39.024202491
351937248014801,lDeL3W6tnUKMgPp4VNmxYh,101261185454084,unen,2025-02-16T13:20:19.065000+00:00,Türkiye,28.9658338316,38.64115976
352250437983515,OKUTqW05hvFxVpiGdt3NJ4,101261185454084,unen,2025-02-16T13:48:59.328000+00:00,Türkiye,28.5628576445,38.566703993
352422281299607,4Ho3c1CXBUafWzF5Gbk7sI,101261185454084,unen,2025-02-16T13:38:55.395000+00:00,Türkiye,28.6749942726,38.5489733518
352735434601561,TsYv7Jh5a4tgDWcjZ6ry0q,101261185454084,unen,2025-02-12T07:40:00.100000+00:00,Türkiye,29.0458696405,38.6599696422
353004804574643,ViJdQ8AFh4Ono5tYK32ruW,101261185454084,unen,2025-02-12T06:29:54.416000+00:00,Türkiye,28.0035399369,38.5050483351
353296017878853,4ikGJFuDnS8sp1rb72mHEg,101261185454084,unen,2025-02-12T07:41:32.960000+00:00,Türkiye,29.074388081,38.6619777194
353764161165542,s6yIomxOtrHuXURpd8vZBJ,101261185454084,unen,2025-02-16T14:01:50.382000+00:00,Türkiye,28.3188729817,38.5126066847
353930364482152,KHaXdFej7tk21INnDThPsb,101261185454084,unen,2025-02-16T14:02:09.818000+00:00,Türkiye,28.312587079,38.5115905375
354035814471533,yaBQKPOHW0w97sA26EiUgD,101261185454084,unen,2025-02-12T09:09:38.351000+00:00,Türkiye,29.8046066877,39.239624973
354154931126551,5LgiKz1uHx30DUe79sn8bN,101261185454084,unen,2025-02-16T14:25:10.693000+00:00,Türkiye,28.006306973,38.5046491531
354227257785960,68wZXu9JjTeGdfpEInBatD,101261185454084,unen,2025-02-16T14:18:16.286000+00:00,Türkiye,28.1036479945,38.4764379881
354488504426430,i5zOLYcK6ks8oZ4fP0AQnv,101261185454084,unen,2025-02-16T14:08:53.358000+00:00,Türkiye,28.1941608182,38.497969464
354563341085699,C3fgxw4Xnjyk0KNUcZi1LM,101261185454084,unen,2025-02-16T14:26:29.253000+00:00,Türkiye,27.982838856,38.508946472
354696637738866,FA9B07eDHNPVkoTRsZr4tv,1237217097511568,AmrutaA,2025-02-23T05:33:24.058000+00:00,India,73.6363061,19.0047918
355747914300489,faebl1KT0JWBZMqLHViuzU,1237217097511568,AmrutaA,2025-02-23T10:18:54.887000+00:00,India,73.910301,19.0100467
356358897572836,h8tPwfW0UBYGnS16AZXdeE,101261185454084,unen,2025-02-16T12:15:21.393000+00:00,Türkiye,29.484013836,39.10358447
356911777517271,RrLKCblxwAgjzsdaZ95Wo0,101261185454084,unen,2025-02-16T13:06:33.148000+00:00,Türkiye,29.1849862165,38.6672733845
357039514171187,g6XLb3GYZQuiVrajvlqt28,101261185454084,unen,2025-02-16T13:58:23.019000+00:00,Türkiye,28.385037903,38.5257773276
357344914140619,OKUTqW05hvFxVpiGdt3NJ4,101261185454084,unen,2025-02-16T13:47:53.684000+00:00,Türkiye,28.5840340562,38.5660539105
357524997456132,dzqbxt4SHYPZlIMVJcQuBD,373226905045803,kiranahire,2025-03-05T07:08:51.039000+00:00,India,73.858692152114,18.55399594759
361196780422025,4aELtwKyFu7mSdNQPHpDU1,101261185454084,unen,2025-02-12T07:59:41.294000+00:00,Türkiye,29.2132927618,38.7737680374
361576850383894,fcHb5mnM7gjXh2CiUSxQJE,101261185454084,unen,2025-02-12T07:43:25.459000+00:00,Türkiye,29.1093857676,38.6668777856
361624707045642,cb4hPi7zFoLeMltHrq3wBS,101261185454084,unen,2025-02-12T07:32:31.350000+00:00,Türkiye,28.9502967164,38.632930511
361635193711556,3D7UYOr48cMqQNmRwKb25I,101261185454084,unen,2025-02-12T07:16:55.590000+00:00,Türkiye,28.7064184376,38.5600568864
361791903696305,17qMJEpRwa2Wd5z3VYZ0Xy,1291069248478728,AliAba,2025-03-16T09:30:39.098000+00:00,India,78.366003064579,17.451721089125
362210223653783,lZYVIUJuifxMWORT6SyEBL,101261185454084,unen,2025-02-12T10:25:07.126000+00:00,Türkiye,30.4402891872,39.7458419368
362228920318810,RLy2TeSYg97F0N1kEp8rvU,101261185454084,unen,2025-02-12T10:11:21.897000+00:00,Türkiye,30.1808158595,39.7136465925
362481696960018,0alBoNkZf2n4H5yr1ULpOQ,101261185454084,unen,2025-02-12T10:30:25.719000+00:00,Türkiye,30.4766478941,39.7599748164
362571760284419,lZYVIUJuifxMWORT6SyEBL,101261185454084,unen,2025-02-12T10:24:33.954000+00:00,Türkiye,30.4313380402,39.745492157
362709313604104,iVT2pqDleLkyU7v1SzbxHg,101261185454084,unen,2025-02-12T10:43:12.426000+00:00,Türkiye,30.4589022194,39.7921428021
363079316900258,7RGisa2JUg3TP1HIzF580n,101261185454084,unen,2025-02-12T09:43:19.031000+00:00,Türkiye,30.031118259,39.4751665756
363803496827778,uGD4npHE5W0BvVSrRqbLcC,101261185454084,unen,2025-02-16T10:54:35.825000+00:00,Türkiye,30.288063652,39.7253345684
364155123459341,tVdbMvIRK4Lx1FATcBJfzn,101261185454084,unen,2025-02-16T11:29:05.761000+00:00,Türkiye,29.9969017728,39.4269113428
364236006784774,r5Wmg4kqtj2G3SpZVJNbLa,101261185454084,unen,2025-02-16T11:51:01.025000+00:00,Türkiye,29.8967352935,39.2722232604
364392820102439,VUr3fmGO0YycqQM8zv2SEK,101261185454084,unen,2025-02-16T11:36:54.159000+00:00,Türkiye,30.0660296286,39.3723393176
364411906766901,Foz1ViTqZb6Kp7dXBYak4m,101261185454084,unen,2025-02-16T11:43:15.161000+00:00,Türkiye,29.9955723655,39.3278746288
364550456753060,r7UwNTj6o0q4B5sHyX8QxG,101261185454084,unen,2025-02-16T11:53:07.459000+00:00,Türkiye,29.861350637,39.254739716
364571020084508,2WD8jFKxfXCe3ZTPSk9mQd,101261185454084,unen,2025-02-16T12:13:13.425000+00:00,Türkiye,29.5241215616,39.1156476828
365301396678000,OKUTqW05hvFxVpiGdt3NJ4,101261185454084,unen,2025-02-16T13:49:21.899000+00:00,Türkiye,28.5560447942,38.563910615
365307853344044,Fe3WhvnU2PJbSZIw1V48mt,101261185454084,unen,2025-02-16T12:02:43.786000+00:00,Türkiye,29.6773918322,39.2205196698
365433436664793,OKUTqW05hvFxVpiGdt3NJ4,101261185454084,unen,2025-02-16T13:48:09.587000+00:00,Türkiye,28.5787596872,38.5676161212
365477469993831,UY6z4EKX01F9jNutGPMbAW,101261185454084,unen,2025-02-16T13:32:32.334000+00:00,Türkiye,28.7831764882,38.589351798
365654023309354,Xr6azo4pk0tijfT9McKUB3,101261185454084,unen,2025-02-16T12:24:43.152000+00:00,Türkiye,29.4100377265,39.0150109675
366062759935208,ViS85gbEvJAZzBKkXI0NT3,101261185454084,unen,2025-02-16T11:54:44.622000+00:00,Türkiye,29.8298486411,39.2497701237
367216229820143,KHaXdFej7tk21INnDThPsb,101261185454084,unen,2025-02-16T14:02:00.483000+00:00,Türkiye,28.31555925,38.51208927
367383146470080,nlVK5y3efk7gmotAWw2HLu,101261185454084,unen,2025-02-16T14:05:44.347000+00:00,Türkiye,28.245381003,38.5091101935
367639586444094,yaBQKPOHW0w97sA26EiUgD,101261185454084,unen,2025-02-12T09:10:14.624000+00:00,Türkiye,29.812440984,39.2460553796
367720346436280,9TJiIsFNXHfEagPSz1Lut8,101261185454084,unen,2025-02-16T14:36:40.054000+00:00,Türkiye,27.8384302215,38.4900257363
367826149758896,68wZXu9JjTeGdfpEInBatD,101261185454084,unen,2025-02-16T14:18:51.259000+00:00,Türkiye,28.0947818752,38.4772792828
369018396306300,EIAmwSqgKNRMBkFbs15dZx,1237217097511568,AmrutaA,2025-02-23T08:20:57.882000+00:00,India,73.5858534,19.082176
369488489592616,SoH1g98UBNPtYLWDzXp60n,1237217097511568,AmrutaA,2025-02-23T09:43:56.878000+00:00,India,73.7221329,19.0759524
370641056144168,wnujkGN4BP8M6HdbYeAXlQ,1237217097511568,AmrutaA,2025-03-02T10:59:42.410000+00:00,India,73.9531479,18.4987961
370724809469130,8v2JF1EkfY3hLPtN7qmsdx,1237217097511568,AmrutaA,2025-03-02T09:56:46.087000+00:00,India,74.1293097,18.4874328
370793312795967,ijY97H2V3NLxhUQIstDPeJ,290034106994773,patilni,2025-03-26T11:04:04.046000+00:00,India,73.925438613149,18.562572504825
370894469452580,86HUhEQec9djW2i5CZqGB1,1213649853520446,SSGIS12,2025-03-26T10:52:02.844000+00:00,India,73.9022017,18.5538415
373470909193708,sMx5nUEtgjKPZlf7wIQqS9,101261185454084,unen,2025-02-12T05:53:36.350000+00:00,Türkiye,27.5068612645,38.4536309768
373697552503635,uDp37qXaIJvjEORhQdlGYH,101261185454084,unen,2025-02-12T05:52:04.754000+00:00,Türkiye,27.483403666,38.457718863
373883502486154,VwB7sO2LPWRadcqNbhZM1H,101261185454084,unen,2025-02-12T06:12:02.619000+00:00,Türkiye,27.7233283798,38.495262695
374006382472947,uDp37qXaIJvjEORhQdlGYH,101261185454084,unen,2025-02-12T05:52:44.127000+00:00,Türkiye,27.495186735,38.45482913
374035745803737,9DNMEtyP65FpmuoHRdGKT8,101261185454084,unen,2025-02-12T05:39:40.185000+00:00,Türkiye,27.2580454704,38.4452281284
374240729115868,OPf5rLZxNI2Qyw1DKkUjel,101261185454084,unen,2025-02-12T07:20:48.888000+00:00,Türkiye,28.7704069125,38.5873013875
374268589113137,lNEWeVcgHBMxARkoqp13Uj,101261185454084,unen,2025-02-12T07:01:38.999000+00:00,Türkiye,28.48329704,38.5549764504
374287109112246,arGMEuvAsYFVnLoyOzhxKT,101261185454084,unen,2025-02-12T08:41:47.021000+00:00,Türkiye,29.4222675424,39.0384616616
374353539105979,Q2xHvzJ8FqWblP6sYIdLe4,101261185454084,unen,2025-02-12T09:16:01.887000+00:00,Türkiye,29.913148528,39.277094775
374497142423542,sBzWQpgbTC7tZJNEcj9u81,101261185454084,unen,2025-02-12T07:23:29.695000+00:00,Türkiye,28.812485268,38.5983055478
374510345755418,QRTc36yWKp2PZfaklxL0Jd,101261185454084,unen,2025-02-12T08:12:18.400000+00:00,Türkiye,29.3107712176,38.9325196864
374797022393561,a1ZMjoOh2rFmQq6n0SWEAs,101261185454084,unen,2025-02-12T06:21:16.731000+00:00,Türkiye,27.8692214226,38.5000666986
374921129048233,sBzWQpgbTC7tZJNEcj9u81,101261185454084,unen,2025-02-12T07:23:56.899000+00:00,Türkiye,28.8173212964,38.6014581772
374986782374399,5cOpE8zAwxdSDNy3bvVHiQ,101261185454084,unen,2025-02-12T06:54:11.149000+00:00,Türkiye,28.3601684575,38.518030393
375004289040913,rS1jdgFV8YZUqzRL5XDn09,101261185454084,unen,2025-02-12T09:58:13.019000+00:00,Türkiye,30.1490394438,39.6064418898
375244459016468,fcHb5mnM7gjXh2CiUSxQJE,101261185454084,unen,2025-02-12T07:43:59.231000+00:00,Türkiye,29.1195383074,38.6681470256
376511392223461,dsqwtJpf49vVjKWeUxM2T7,101261185454084,unen,2025-02-16T10:59:00.397000+00:00,Türkiye,30.200042803,39.7185212585
376556522218787,YElKXuvCt4OmfLs5bHP3aV,101261185454084,unen,2025-02-12T10:05:45.680000+00:00,Türkiye,30.1594674889,39.7155924826
376817275525458,tVdbMvIRK4Lx1FATcBJfzn,101261185454084,unen,2025-02-16T11:28:43.491000+00:00,Türkiye,29.9953717476,39.4303685034
376888365519100,r5Wmg4kqtj2G3SpZVJNbLa,101261185454084,unen,2025-02-16T11:50:20.085000+00:00,Türkiye,29.9096133445,39.276619441
377422972132684,G51TPXyFx4foJts6kqZij8,1604196696880044,nileshjagtap,2025-03-16T09:04:26.351000+00:00,India,74.3290091,18.9115391
377605032113808,9iF60pkZSgW31btYHG4qfE,101261185454084,unen,2025-02-12T07:45:55.997000+00:00,Türkiye,29.1515800495,38.650762731
378082142066784,ENJ10wvfnFskAH8OQ9mG7B,1291069248478728,AliAba,2025-03-16T09:11:40.099000+00:00,India,78.368079068599,17.451266981341
378088032065091,UY6z4EKX01F9jNutGPMbAW,101261185454084,unen,2025-02-16T13:32:34.467000+00:00,Türkiye,28.782534745,38.5892517485
378089905398075,INPeuwCGngZBax8lMqV39y,101261185454084,unen,2025-02-16T13:34:03.628000+00:00,Türkiye,28.757595268,38.5814373995
378114518729849,qMtLYoFdZS490sb6jWJnu1,101261185454084,unen,2025-02-16T12:37:29.792000+00:00,Türkiye,29.3021919189,38.9171001532
378219428717852,N5nBcQKfsaqYOGUJt42jSV,101261185454084,unen,2025-02-16T13:40:55.328000+00:00,Türkiye,28.6611655755,38.5442884375
378223718717282,PJD27EcBo5plZfg30strmy,101261185454084,unen,2025-02-16T14:01:16.564000+00:00,Türkiye,28.3301259173,38.5143729399
378285235379410,qUPZ2cJBs6F9RpHb7Td5Dy,101261185454084,unen,2025-02-16T13:23:27.221000+00:00,Türkiye,28.9200547455,38.6216397021
378421048697818,YMpFwrj3GCiOt86omgkREh,101261185454084,unen,2025-02-16T12:31:55.197000+00:00,Türkiye,29.3655012104,38.9578937008
378476868692981,nYSCXvK3BfwmOjMbgUIDTi,101261185454084,unen,2025-02-16T12:04:05.547000+00:00,Türkiye,29.6519637796,39.212136358
378485078690997,0P2LlmrnBKcEMpu8XDW7vA,101261185454084,unen,2025-02-16T12:08:13.249000+00:00,Türkiye,29.5955949815,39.1687006831
380666998473230,O9a1DUPLZduJYw08zKqhGl,101261185454084,unen,2025-02-16T14:03:59.217000+00:00,Türkiye,28.2788447675,38.508944216
380911918450291,p5xzqmtMPQvJlyN6d2uk3D,1237217097511568,AmrutaA,2025-03-21T02:55:28.677000+00:00,India,73.8541305,18.531428
381073071767394,rBJWbIz4e1FA5GHTuMjm80,1604196696880044,nileshjagtap,2025-03-13T13:03:36.685000+00:00,India,73.9503802,18.5690564
381910825015477,U0nTIZRXqpchY4kstNDdzA,1237217097511568,AmrutaA,2025-02-23T06:26:51.981000+00:00,India,73.5515055,19.0766759
381948015013166,faebl1KT0JWBZMqLHViuzU,1237217097511568,AmrutaA,2025-02-23T10:21:27.919000+00:00,India,73.9245529,19.0064565
382306868310658,8v2JF1EkfY3hLPtN7qmsdx,1237217097511568,AmrutaA,2025-03-02T09:51:38.065000+00:00,India,74.1711093,18.487473
382526031620769,d3SQAIuEY1gjzWJ7Bok9Kh,1237217097511568,AmrutaA,2025-03-02T09:03:53.085000+00:00,India,74.6715116,18.3441047
384225614785844,XOWrUBu13q08JvTidREYcI,991886389674362,ShreyasBhogte26,2025-03-26T10:57:36.108000+00:00,India,73.907435672221,18.556320708644
387793521093098,dLGWZHDt1Tj9g7kqNXcn4R,101261185454084,unen,2025-02-12T08:40:01.023000+00:00,Türkiye,29.414509747,39.023811775
387856351086705,YqCK1wm7khBeODaftjAou0,101261185454084,unen,2025-02-12T06:33:12.830000+00:00,Türkiye,28.056610934,38.489516776
390181250854303,WKf7Djk19PcJyU2mBMCpGI,101261185454084,unen,2025-02-15T14:58:23.948000+00:00,Türkiye,30.4911180995,39.7636365665
393497703858150,cCqFRfvNk79Qd2UG1ueoEO,1237217097511568,AmrutaA,2025-03-21T02:54:30.757000+00:00,India,73.8524488,18.5296068
393772910497715,4Gxc8zZBofN9OMQqX10Jhp,1604196696880044,nileshjagtap,2025-04-09T12:11:34.343000+00:00,India,73.8449959,18.6402797
394642607074762,pwQOKMnyjrBf1Ch8532Tvu,101261185454084,unen,2025-02-16T13:44:34.324000+00:00,Türkiye,28.6321556289,38.5426715905
394764227065750,OfweazDbFYUoLWsjEQtdqu,1659013124977485,Jonty_BP,2025-05-02T06:25:34.192000+00:00,India,74.5241234,19.8500725
395290967009962,dc7NA94t2TjSRzOarUCkgL,101261185454084,unen,2025-02-16T14:10:25.154000+00:00,Türkiye,28.1783231347,38.4943692294
396819496857342,G51TPXyFx4foJts6kqZij8,1604196696880044,nileshjagtap,2025-03-16T08:58:13.949000+00:00,India,74.3529262,18.8697936
396859233522785,r3YnNq8ixBGU75ZmIgAzH4,1604196696880044,nileshjagtap,2025-05-01T05:04:15.518000+00:00,India,73.2789398,18.07208
396897826852192,EXVtMSDspQfbYH5uLCvn0O,1659013124977485,Jonty_BP,2025-05-02T06:36:10.189000+00:00,India,74.6603537,19.8670826
397284196813650,QG8wjXfCN4pzK2qvPFlDaA,1604196696880044,nileshjagtap,2025-05-01T01:10:00.575000+00:00,India,73.6243651,18.5296122
397369896804821,r3YnNq8ixBGU75ZmIgAzH4,1604196696880044,nileshjagtap,2025-05-01T04:42:29.449000+00:00,India,73.2759136,18.162687
400645976473480,juWOboh0VP3nJCegslvKdq,101261185454084,unen,2025-02-12T05:17:22.850000+00:00,Türkiye,27.1551899604,38.417311225
401892413015687,wO4gMKbc6hrdWzQB7TlvLS,101261185454084,unen,2025-02-12T10:20:31.687000+00:00,Türkiye,30.3654999225,39.7267605
401932866343726,6xYlkMbqKGeQn72XuLAJPS,101261185454084,unen,2025-02-12T08:09:30.791000+00:00,Türkiye,29.299598661,38.899063854
402859036251083,fd8aNpqCeTcUPAVMru4Xo0,101261185454084,unen,2025-02-13T07:26:27.854000+00:00,Türkiye,30.5053985961,39.7606466094
403132412890379,rxbmnP2fH01yQipFl796Re,101261185454084,unen,2025-02-12T09:27:15.032000+00:00,Türkiye,30.0480723153,39.3624604123
403400416191273,inKVTsdDYWcyUHCzwOeXtx,101261185454084,unen,2025-02-12T06:56:07.349000+00:00,Türkiye,28.3885925048,38.5273373752
403838096147360,HbZETiecRr8tnXpQ4N5gfz,101261185454084,unen,2025-02-12T07:07:24.295000+00:00,Türkiye,28.5975281028,38.560718993
403960636133346,Sw5TqRtr4uspKQxE08LeBm,101261185454084,unen,2025-02-12T05:25:22.717000+00:00,Türkiye,27.162801199,38.4353952805
404040972793824,nA3VGpj1ZDQUvXLbJKHfOw,101261185454084,unen,2025-02-12T06:16:28.057000+00:00,Türkiye,27.790949481,38.490961549
404226132775213,yaBQKPOHW0w97sA26EiUgD,101261185454084,unen,2025-02-12T09:10:38.828000+00:00,Türkiye,29.8202350112,39.24808138
404310816105900,tVdbMvIRK4Lx1FATcBJfzn,101261185454084,unen,2025-02-16T11:29:30.432000+00:00,Türkiye,29.9985294892,39.4229041404
404331766103771,fQPKlRTjX4WbID1sAdYNOa,101261185454084,unen,2025-02-16T12:06:00.547000+00:00,Türkiye,29.6248670745,39.1947233785
404350522762931,F3sRqQ6KXv09rpOGizeSdZ,101261185454084,unen,2025-02-12T08:00:58.719000+00:00,Türkiye,29.2287463374,38.7893956786
404369209431233,JIX4TNMGdAhwPSc92oeaBQ,101261185454084,unen,2025-02-12T09:28:34.824000+00:00,Türkiye,30.065121885,39.3688380587
404431929419413,4FUprCT7L1AYWIiyQzK30P,101261185454084,unen,2025-02-12T08:51:51.621000+00:00,Türkiye,29.5212889112,39.113246211
404434209418015,WdIDVXPUv3t5YTbC4rNAjn,101261185454084,unen,2025-02-12T05:21:15.749000+00:00,Türkiye,27.152776148,38.4222591952
404436442761948,JVoxtHszBynQLDOEe12AMY,101261185454084,unen,2025-02-16T12:33:39.962000+00:00,Türkiye,29.336801615,38.95222
404464882755047,8L59pVtK1R2i6lsaxIWDjc,101261185454084,unen,2025-02-16T10:35:46.752000+00:00,Türkiye,30.4912752797,39.7562737655
404632622740385,hbnlrDJN4Gcf8CxFRoHOA7,101261185454084,unen,2025-02-16T11:10:01.818000+00:00,Türkiye,30.143964361,39.596409371
405480119320073,zZY0W1rM2w8fDEHGo3mLbN,101261185454084,unen,2025-02-16T12:09:04.358000+00:00,Türkiye,29.5879816964,39.1561322212
405562215971952,rDfd4QqITRupxj8oBGtcEY,101261185454084,unen,2025-02-12T09:25:10.298000+00:00,Türkiye,30.0244984555,39.34000873
405621765966998,SCXe8k2FsntuKLAylWN4GQ,101261185454084,unen,2025-02-12T10:17:21.529000+00:00,Türkiye,30.302952766,39.726174356
405699355967023,lDeL3W6tnUKMgPp4VNmxYh,101261185454084,unen,2025-02-16T13:20:08.696000+00:00,Türkiye,28.9675608243,38.6415008324
405761929282461,BPxaYQUJVGvdfTRslkEIq3,101261185454084,unen,2025-02-12T07:51:31.527000+00:00,Türkiye,29.2335810605,38.6738084955
405782249284292,BPxaYQUJVGvdfTRslkEIq3,101261185454084,unen,2025-02-12T07:50:38.984000+00:00,Türkiye,29.2194418156,38.6732871992
405992615925889,1SgZfeGjxqwBdOYIb9TLQs,101261185454084,unen,2025-02-12T07:02:44.622000+00:00,Türkiye,28.5059297545,38.5563271492
406192035905952,vIyqksAgR7JSGUHbF4ixYW,101261185454084,unen,2025-02-12T06:36:29.555000+00:00,Türkiye,28.1035036888,38.47618462
406331462561585,vIyqksAgR7JSGUHbF4ixYW,101261185454084,unen,2025-02-12T06:36:07.018000+00:00,Türkiye,28.097329991,38.4766057575
406460632548668,NGRcXUYxJ685TsZDOywoeL,101261185454084,unen,2025-02-12T08:53:19.415000+00:00,Türkiye,29.5433672815,39.126808369
406815512516439,LY7hGBPbXZ3yMmiAqKEfkN,101261185454084,unen,2025-02-16T11:30:14.752000+00:00,Türkiye,30.0029362318,39.4163829376
406886049176002,ViS85gbEvJAZzBKkXI0NT3,101261185454084,unen,2025-02-16T11:55:46.866000+00:00,Türkiye,29.8105208619,39.244844541
406902229168372,lZYVIUJuifxMWORT6SyEBL,101261185454084,unen,2025-02-12T10:24:03.948000+00:00,Türkiye,30.425081484,39.7409273256
406932165846740,iRHSMsJKUOu52atPGe8B3W,1604196696880044,nileshjagtap,2025-04-09T07:09:11.784000+00:00,India,74.744407,19.098962
407191952482303,wc6vIO7jrKYS32HksMPbFJ,101261185454084,unen,2025-02-16T13:16:19.265000+00:00,Türkiye,29.0129003932,38.6586807132
407252499139683,bBh8V6AT49QsMrEenNjGu1,101261185454084,unen,2025-02-16T12:18:48.687000+00:00,Türkiye,29.4594015168,39.072303576
407464512462309,3rzYjoJeunap1ZbivsO0HP,1604196696880044,nileshjagtap,2025-05-24T05:26:29.309000+00:00,India,74.7737805,19.0771161
407812739083277,pwQOKMnyjrBf1Ch8532Tvu,101261185454084,unen,2025-02-16T13:44:15.254000+00:00,Türkiye,28.6362089319,38.5412845273
408110682383718,DNEMyuBrlTH74hLJaPtosK,101261185454084,unen,2025-02-16T12:24:10.613000+00:00,Türkiye,29.41364828,39.0218966
408220732383679,ENJ10wvfnFskAH8OQ9mG7B,1291069248478728,AliAba,2025-03-16T09:09:15.616000+00:00,India,78.365687179168,17.451848468765
408373235698242,5cOpE8zAwxdSDNy3bvVHiQ,101261185454084,unen,2025-02-12T06:54:18.084000+00:00,Türkiye,28.362220816,38.5187239128
408447999013798,tVdbMvIRK4Lx1FATcBJfzn,101261185454084,unen,2025-02-16T11:28:40.890000+00:00,Türkiye,29.9951525204,39.4306954969
408449419013695,2PNpidM9HG0T5JSsAY6eqL,101261185454084,unen,2025-02-16T10:44:10.555000+00:00,Türkiye,30.4523337714,39.7459385252
408613749001372,tCASpTPO6lJoV79MQaK4NZ,101261185454084,unen,2025-02-16T12:36:10.100000+00:00,Türkiye,29.3101990408,38.9325344408
408613832330783,PLACGRODrczW5Yb3tMueo0,101261185454084,unen,2025-02-16T11:48:52.490000+00:00,Türkiye,29.9321383388,39.2761896525
408803038982242,OGKL5unmXcwiSbyJUpeVWI,101261185454084,unen,2025-02-16T13:45:33.014000+00:00,Türkiye,28.616066788,38.5470303072
408806268983977,qoPO7try0EQ5vehbRu42cg,101261185454084,unen,2025-02-16T13:13:40.826000+00:00,Türkiye,29.065655531,38.662258199
408941862300533,t8ijzOeu4UFXKTV1QnDkcB,101261185454084,unen,2025-02-16T13:53:12.963000+00:00,Türkiye,28.48016063,38.55481077
409431562251615,pwQOKMnyjrBf1Ch8532Tvu,101261185454084,unen,2025-02-16T13:45:16.198000+00:00,Türkiye,28.6206958495,38.5460715225
409435152251256,JbjTwWFGd0KpfNyUu5hDMA,101261185454084,unen,2025-02-16T13:56:18.821000+00:00,Türkiye,28.4245241635,38.5336754258
409547085570472,4WkRJBnNavpF2EedGzh9Mu,101261185454084,unen,2025-02-16T13:21:58.895000+00:00,Türkiye,28.947085483,38.6315658756
409559668905519,EC3gXLfvk6RmysPzABhGO9,101261185454084,unen,2025-02-16T13:25:54.027000+00:00,Türkiye,28.8696015712,38.6195634484
409804068878026,xpqhgZkSB7H2JbEtvweCin,101261185454084,unen,2025-02-16T12:51:11.356000+00:00,Türkiye,29.2008496488,38.7328128492
410017598862725,TPQ5j321xo6DYH4GumfWML,101261185454084,unen,2025-02-16T14:06:19.520000+00:00,Türkiye,28.237345626,38.5077056664
410451962162966,r3YnNq8ixBGU75ZmIgAzH4,1604196696880044,nileshjagtap,2025-05-01T04:44:06.421000+00:00,India,73.2787783,18.1543383
410477422144139,fQPKlRTjX4WbID1sAdYNOa,101261185454084,unen,2025-02-16T12:06:08.015000+00:00,Türkiye,29.6236850221,39.1930556316
410640448800562,oOK6mhIVwsfk7J50SEgycx,101261185454084,unen,2025-02-16T14:23:09.828000+00:00,Türkiye,28.037107668,38.49439
410683312133187,2q9nkT8dZbHePJtgzopj0Q,1237217097511568,AmrutaA,2025-02-23T09:19:30.931000+00:00,India,73.6218239,19.0871832
411059285422225,V7Nzqe40hOPXlZSGbfF8a6,101261185454084,unen,2025-02-16T14:46:32.051000+00:00,Türkiye,27.692414843,38.488622662
411153262071764,x48pDLRamA39dOwl0JvbnQ,101261185454084,unen,2025-02-12T06:52:32.787000+00:00,Türkiye,28.3280654375,38.5139172075
411480328707422,t8ijzOeu4UFXKTV1QnDkcB,101261185454084,unen,2025-02-16T13:53:09.763000+00:00,Türkiye,28.481106675,38.55493535
411516048706931,s6yIomxOtrHuXURpd8vZBJ,101261185454084,unen,2025-02-16T14:02:02.350000+00:00,Türkiye,28.3149752582,38.511991091
411523312042689,nlVK5y3efk7gmotAWw2HLu,101261185454084,unen,2025-02-16T14:06:23.621000+00:00,Türkiye,28.2363377642,38.5074787562
411574842037244,s6yIomxOtrHuXURpd8vZBJ,101261185454084,unen,2025-02-16T14:02:43.491000+00:00,Türkiye,28.3018274402,38.5107046324
411576228714358,qYO3QNxlBLIDnyHMcReJg8,101261185454084,unen,2025-02-12T10:32:29.852000+00:00,Türkiye,30.471392732,39.770268352
411903622001459,LIEJljxaczDFWPp7AT6fZH,101261185454084,unen,2025-02-16T14:49:52.766000+00:00,Türkiye,27.651115396,38.4903963934
412110898651553,d3SQAIuEY1gjzWJ7Bok9Kh,1237217097511568,AmrutaA,2025-03-02T09:01:28.081000+00:00,India,74.6978091,18.3350128
412373735270914,9QGWMDYvjKcF0f4w6NrIRz,101261185454084,unen,2025-02-12T05:56:58.363000+00:00,Türkiye,27.56481445,38.47386072
412428088599152,cPM5JRgeEx6VrNKHq32FWZ,101261185454084,unen,2025-02-12T05:39:02.467000+00:00,Türkiye,27.246769184,38.4429080026
412601451916446,4fxJpFHyRUWhwBi9qjgQ6I,101261185454084,unen,2025-02-12T05:24:19.226000+00:00,Türkiye,27.1542867535,38.428146157
412626551914377,80Qlmhfix5vJnsj1SXV2qZ,101261185454084,unen,2025-02-12T06:14:38.391000+00:00,Türkiye,27.7612315135,38.4954480452
412637021944350,oKUXgrVTx6pDh1m582uH7a,1604196696880044,nileshjagtap,2025-04-26T10:36:41.504000+00:00,India,74.5517585,18.9690959
412709058572531,AM1E6W9NcI5gP8ljH3fBYL,101261185454084,unen,2025-02-12T05:47:32.216000+00:00,Türkiye,27.392145272,38.4701758553
412711921926798,No3HXWOjxcJMRCbfameD67,1237217097511568,AmrutaA,2025-03-02T11:13:04.161000+00:00,India,73.9024279,18.5064279
412719345238023,9QGWMDYvjKcF0f4w6NrIRz,101261185454084,unen,2025-02-12T05:56:02.254000+00:00,Türkiye,27.5531300807,38.4624264149
412772155230483,wt5eJpkcNBifxL3byHT6Ig,101261185454084,unen,2025-02-12T05:33:44.653000+00:00,Türkiye,27.2009662116,38.4555224175
412785221926671,6Lf7lmSvIE9ugCc4AaRw3Y,101261185454084,unen,2025-02-12T07:09:55.813000+00:00,Türkiye,28.6316061,38.5427135
412791598564295,1EdF9ZYOo6MSUqPrveVnf5,101261185454084,unen,2025-02-12T07:09:31.563000+00:00,Türkiye,28.6254273926,38.5448623484
412853985224275,xm5KpvCLA7rVXPzn0oUt8I,101261185454084,unen,2025-02-12T08:06:37.015000+00:00,Türkiye,29.2810892514,38.8616271866
412862371887001,ErvUjSH0WmAfb7DlGQqO4c,101261185454084,unen,2025-02-12T05:19:19.683000+00:00,Türkiye,27.1542908558,38.419525575
412906388552326,inKVTsdDYWcyUHCzwOeXtx,101261185454084,unen,2025-02-12T06:57:01.625000+00:00,Türkiye,28.4047945464,38.53158266
413023091872361,FwREfhPn41tpCL7Kbec9XB,101261185454084,unen,2025-02-12T08:15:34.557000+00:00,Türkiye,29.3581750285,38.956747869
413039258538919,EZN57LnyKbfRkATX13GPUF,101261185454084,unen,2025-02-12T06:43:41.380000+00:00,Türkiye,28.174693216,38.4933703089
413072971869457,ViJdQ8AFh4Ono5tYK32ruW,101261185454084,unen,2025-02-12T06:30:01.084000+00:00,Türkiye,28.0053358363,38.5046962785
413115865197902,f9o8vUWHZlqytTPw3BRagE,101261185454084,unen,2025-02-12T06:27:26.999000+00:00,Türkiye,27.957486013,38.5148878944
413124818525886,AM1E6W9NcI5gP8ljH3fBYL,101261185454084,unen,2025-02-12T05:47:35.817000+00:00,Türkiye,27.3933102312,38.470326556
413151768556936,aeX2NZnRTVmhuOCMJDqtr5,101261185454084,unen,2025-02-12T08:46:36.463000+00:00,Türkiye,29.4615251143,39.077314996
413183505191726,Vqit6e105cKzFNCYy4ukgJ,101261185454084,unen,2025-02-12T07:15:00.657000+00:00,Türkiye,28.6723616568,38.5478667668
413202355188955,8DV19jCSiZIRPv2oKYnu4O,101261185454084,unen,2025-02-12T10:36:15.649000+00:00,Türkiye,30.4642215964,39.7853318804
413203621854242,coidfgkh3vTXypS5uDsZVQ,101261185454084,unen,2025-02-12T05:41:47.476000+00:00,Türkiye,27.2947434474,38.4500819858
413236728512901,Sw5TqRtr4uspKQxE08LeBm,101261185454084,unen,2025-02-12T05:25:12.115000+00:00,Türkiye,27.161283414,38.434081957
413239768515217,coidfgkh3vTXypS5uDsZVQ,101261185454084,unen,2025-02-12T05:42:13.614000+00:00,Türkiye,27.30204589,38.45300965
413265361849135,gedoLHZV2ihj1NfOKXYx50,101261185454084,unen,2025-02-12T07:37:32.060000+00:00,Türkiye,29.0060380216,38.653502472
413308771844043,XzaqEtrAilYNsb7gQocSyw,101261185454084,unen,2025-02-12T08:44:07.091000+00:00,Türkiye,29.4448069292,39.0614887992
413315945172441,wt5eJpkcNBifxL3byHT6Ig,101261185454084,unen,2025-02-12T05:34:11.125000+00:00,Türkiye,27.2037852866,38.456408777
413316638508020,2VXfUWrE63vcAgkwoez0n8,101261185454084,unen,2025-02-12T06:19:12.965000+00:00,Türkiye,27.8368084952,38.4893821655
413319871839099,sMx5nUEtgjKPZlf7wIQqS9,101261185454084,unen,2025-02-12T05:54:11.289000+00:00,Türkiye,27.5183113776,38.4524420788
413320098509127,inKVTsdDYWcyUHCzwOeXtx,101261185454084,unen,2025-02-12T06:56:42.289000+00:00,Türkiye,28.3986305976,38.5309409932
413321248508446,egbZJPk4nqjMVzUa8WYNcf,101261185454084,unen,2025-02-12T07:31:28.627000+00:00,Türkiye,28.9323992998,38.626813767
413345445172613,F3sRqQ6KXv09rpOGizeSdZ,101261185454084,unen,2025-02-12T08:01:57.929000+00:00,Türkiye,29.2370555012,38.80346752
413369291839889,BPxaYQUJVGvdfTRslkEIq3,101261185454084,unen,2025-02-12T07:51:30.060000+00:00,Türkiye,29.2331991848,38.673793504
413372911834388,Vqit6e105cKzFNCYy4ukgJ,101261185454084,unen,2025-02-12T07:14:53.722000+00:00,Türkiye,28.6705322305,38.5472338063
413401711834694,6xYlkMbqKGeQn72XuLAJPS,101261185454084,unen,2025-02-12T08:09:08.654000+00:00,Türkiye,29.2975841905,38.8946326821
413445881831896,CRXKUr21hVOH5Zg8edf7AF,101261185454084,unen,2025-02-12T06:05:16.333000+00:00,Türkiye,27.659381876,38.491168796
413446035164070,6WEDSbLYxXgOI17NoieA4f,101261185454084,unen,2025-02-12T06:33:37.212000+00:00,Türkiye,28.06196154,38.4853141
413447155159209,DcwoUksYlzMBANL28gxVWh,101261185454084,unen,2025-02-12T05:30:18.526000+00:00,Türkiye,27.184449463944,38.449285143933
413456805164393,UhqloI4yt9uQGgCdVKE7pr,101261185454084,unen,2025-02-12T08:56:09.356000+00:00,Türkiye,29.583330752,39.148929556
413461511829533,CgRvNm60kQWyAdHztbDTlq,101261185454084,unen,2025-02-12T09:57:24.565000+00:00,Türkiye,30.1435051947,39.595325937
413488021828077,REGL4ITe1bMBUuaHOzyn92,101261185454084,unen,2025-02-12T09:33:35.848000+00:00,Türkiye,30.0264509785,39.4071681095
413495221826956,yaBQKPOHW0w97sA26EiUgD,101261185454084,unen,2025-02-12T09:10:57.698000+00:00,Türkiye,29.8264405992,39.249053861
413557501819940,6Lf7lmSvIE9ugCc4AaRw3Y,101261185454084,unen,2025-02-12T07:10:03.781000+00:00,Türkiye,28.6335383192,38.5420189864
413562161813957,Bafy2I4HnY6hijCmWQqRLD,101261185454084,unen,2025-02-12T08:58:39.162000+00:00,Türkiye,29.6114032529,39.1789967154
413629438480197,UhqloI4yt9uQGgCdVKE7pr,101261185454084,unen,2025-02-12T08:56:18.691000+00:00,Türkiye,29.584562187,39.1511029725
413641148475571,xD1VuJjIkwiaARWy0n6ebC,101261185454084,unen,2025-02-12T07:53:19.691000+00:00,Türkiye,29.2306236685,38.6873558557
413655495142514,4FUprCT7L1AYWIiyQzK30P,101261185454084,unen,2025-02-12T08:52:35.362000+00:00,Türkiye,29.532008475,39.12017409
413671711807719,YeOBgMZso2xPyhKQilRqNS,101261185454084,unen,2025-02-12T07:48:51.886000+00:00,Türkiye,29.1964175746,38.6717788146
413675751803470,gedoLHZV2ihj1NfOKXYx50,101261185454084,unen,2025-02-12T07:37:40.595000+00:00,Türkiye,29.0079015559,38.6548559335
413681881808501,UcX2u5V67Ji4LmNYDOETa1,101261185454084,unen,2025-02-12T09:43:31.845000+00:00,Türkiye,30.0327701234,39.4771928639
413686898474845,bTUr2cg4SKY6HhAV1xdRok,101261185454084,unen,2025-02-12T07:55:17.824000+00:00,Türkiye,29.2108845844,38.7125730036
413691718468832,OPf5rLZxNI2Qyw1DKkUjel,101261185454084,unen,2025-02-12T07:21:44.564000+00:00,Türkiye,28.7889847202,38.5890972432
413726835136128,CgRvNm60kQWyAdHztbDTlq,101261185454084,unen,2025-02-12T09:55:58.550000+00:00,Türkiye,30.123534507,39.5821613094
413728435135637,8or7uqCdcXVZahN2JRAQbp,101261185454084,unen,2025-02-12T09:01:45.619000+00:00,Türkiye,29.65308526,39.2123054129
413737288464704,x48pDLRamA39dOwl0JvbnQ,101261185454084,unen,2025-02-12T06:51:48.946000+00:00,Türkiye,28.3138209228,38.5116804726
413746438467663,rDfd4QqITRupxj8oBGtcEY,101261185454084,unen,2025-02-12T09:24:30.691000+00:00,Türkiye,30.0160413994,39.3350065218
413779181799016,HbZETiecRr8tnXpQ4N5gfz,101261185454084,unen,2025-02-12T07:06:25.818000+00:00,Türkiye,28.57963041,38.567348195
413779938461164,1SgZfeGjxqwBdOYIb9TLQs,101261185454084,unen,2025-02-12T07:03:14.061000+00:00,Türkiye,28.5162115,38.557125884
413815711789379,gedoLHZV2ihj1NfOKXYx50,101261185454084,unen,2025-02-12T07:37:25.392000+00:00,Türkiye,29.004561696,38.652370584
413848405122385,YeOBgMZso2xPyhKQilRqNS,101261185454084,unen,2025-02-12T07:48:30.682000+00:00,Türkiye,29.1904498195,38.6695370152
413848871786253,bZJcLRFhXv58VIjlEoy7G0,101261185454084,unen,2025-02-12T07:18:57.421000+00:00,Türkiye,28.7434367208,38.5735488152
413851365125229,uto43CQx1SYrNmTUibcp6K,101261185454084,unen,2025-02-12T10:52:35.564000+00:00,Türkiye,30.4871656377,39.7717006729
413852801785387,CRXKUr21hVOH5Zg8edf7AF,101261185454084,unen,2025-02-12T06:03:33.348000+00:00,Türkiye,27.643741607,38.4947721995
413864415122092,v1DhzrgZx5Pq9fcsFji8eW,101261185454084,unen,2025-02-12T06:51:26.097000+00:00,Türkiye,28.3067322805,38.5108711735
413871345118690,QRTc36yWKp2PZfaklxL0Jd,101261185454084,unen,2025-02-12T08:12:04.597000+00:00,Türkiye,29.307123471,38.9315008425
413910085113724,nA3VGpj1ZDQUvXLbJKHfOw,101261185454084,unen,2025-02-12T06:17:12.331000+00:00,Türkiye,27.8030839645,38.4868338957
413953265114575,dLGWZHDt1Tj9g7kqNXcn4R,101261185454084,unen,2025-02-12T08:39:15.182000+00:00,Türkiye,29.4102647772,39.0149463045
413971115109437,CRXKUr21hVOH5Zg8edf7AF,101261185454084,unen,2025-02-12T06:05:14.166000+00:00,Türkiye,27.6589329251,38.4911138556
413978311773445,5IfACnSTeBbmszHKtYPq9r,101261185454084,unen,2025-02-12T06:01:37.782000+00:00,Türkiye,27.617414191,38.504756839
414008431774732,I8t67umgs1N9TRUXLQV0wh,101261185454084,unen,2025-02-12T09:33:05.529000+00:00,Türkiye,30.0309050382,39.4024783199
414016271768550,VwB7sO2LPWRadcqNbhZM1H,101261185454084,unen,2025-02-12T06:11:35.348000+00:00,Türkiye,27.717629205,38.4938805925
414017611773792,ViJdQ8AFh4Ono5tYK32ruW,101261185454084,unen,2025-02-12T06:29:56.950000+00:00,Türkiye,28.0042267711,38.5049255555
414033088435852,b5sGhRufdykHt4rKoISZqM,101261185454084,unen,2025-02-12T07:26:50.088000+00:00,Türkiye,28.8477489208,38.6225830676
414037468437801,FqgRwPe1ok5AbHJ2UCpTVW,101261185454084,unen,2025-02-12T09:23:10.499000+00:00,Türkiye,29.9944624804,39.3268974412
414039321768562,TsYv7Jh5a4tgDWcjZ6ry0q,101261185454084,unen,2025-02-12T07:39:44.630000+00:00,Türkiye,29.0409464679,38.6598180671
414049071769263,xkNQnU2qV0edSwTmBp9EvA,101261185454084,unen,2025-02-12T09:53:26.898000+00:00,Türkiye,30.0871239375,39.5768639285
414082738427620,fcHb5mnM7gjXh2CiUSxQJE,101261185454084,unen,2025-02-12T07:43:23.525000+00:00,Türkiye,29.1088027216,38.6666194496
414085771766948,UcX2u5V67Ji4LmNYDOETa1,101261185454084,unen,2025-02-12T09:45:25.864000+00:00,Türkiye,30.0330588752,39.4982241504
414090405094662,AdnMjrh4IJPOgYDR8xseoC,101261185454084,unen,2025-02-12T06:21:52.350000+00:00,Türkiye,27.8761373076,38.5027530495
414093348428156,XzaqEtrAilYNsb7gQocSyw,101261185454084,unen,2025-02-12T08:44:27.628000+00:00,Türkiye,29.4491074016,39.065021424
414099948427155,iqLOJub1cPFz7w8lt32gp0,101261185454084,unen,2025-02-12T08:03:58.097000+00:00,Türkiye,29.260351231,38.825158664
414110928427025,nA3VGpj1ZDQUvXLbJKHfOw,101261185454084,unen,2025-02-12T06:16:13.688000+00:00,Türkiye,27.787419402,38.4921530116
414113438425893,ViJdQ8AFh4Ono5tYK32ruW,101261185454084,unen,2025-02-12T06:30:57.627000+00:00,Türkiye,28.0203616658,38.497566768
414131605092032,kRcMECLabFfnt3KX7AZ6HI,101261185454084,unen,2025-02-12T09:00:29.893000+00:00,Türkiye,29.631561352,39.202363148
414149328421050,EZN57LnyKbfRkATX13GPUF,101261185454084,unen,2025-02-12T06:44:38.423000+00:00,Türkiye,28.189131005,38.496697416
414155498421505,0alBoNkZf2n4H5yr1ULpOQ,101261185454084,unen,2025-02-12T10:31:40.065000+00:00,Türkiye,30.4710584083,39.764080962
414158028455869,aHn86z4vxflI1Mb3FKq5sd,101261185454084,unen,2025-02-16T14:38:49.656000+00:00,Türkiye,27.7993482168,38.4882474152
414159891760298,WYjm3oQASsENMFnKTPXHdl,101261185454084,unen,2025-02-12T09:04:27.558000+00:00,Türkiye,29.706222324,39.225357027
414186401757859,YOISnF9B1au6KoWZ8gmxAp,101261185454084,unen,2025-02-12T09:20:58.297000+00:00,Türkiye,29.974892574,39.3030422035
414187155084485,cb4hPi7zFoLeMltHrq3wBS,101261185454084,unen,2025-02-12T07:33:30.761000+00:00,Türkiye,28.9624170844,38.6382993048
414188795083686,aeX2NZnRTVmhuOCMJDqtr5,101261185454084,unen,2025-02-12T08:46:31.128000+00:00,Türkiye,29.460357254,39.077258664
414205261750014,egbZJPk4nqjMVzUa8WYNcf,101261185454084,unen,2025-02-12T07:31:32.494000+00:00,Türkiye,28.9334333028,38.6273174795
414223245083587,UcX2u5V67Ji4LmNYDOETa1,101261185454084,unen,2025-02-12T09:44:31.022000+00:00,Türkiye,30.036841584,39.487508262
414224225086628,qp1sHhDOdf9k4xEiYPX7wR,101261185454084,unen,2025-02-12T10:03:29.832000+00:00,Türkiye,30.153802544,39.681484474
414255708415312,wO4gMKbc6hrdWzQB7TlvLS,101261185454084,unen,2025-02-12T10:20:17.285000+00:00,Türkiye,30.3611901252,39.726973905
414259985084209,G7tyJEFLCIxPcgRY3K2kd4,101261185454084,unen,2025-02-12T09:07:30.915000+00:00,Türkiye,29.764811277,39.2289585868
414261711748734,WYjm3oQASsENMFnKTPXHdl,101261185454084,unen,2025-02-12T09:04:29.025000+00:00,Türkiye,29.7067249044,39.2254273902
414271608411452,HBbriFZLsyhdz1WOt7NuQp,101261185454084,unen,2025-02-12T07:24:11.348000+00:00,Türkiye,28.8213480224,38.6009206648
414272798416003,FqgRwPe1ok5AbHJ2UCpTVW,101261185454084,unen,2025-02-12T09:23:11.299000+00:00,Türkiye,29.9946640008,39.3270212016
414274318411181,cb4hPi7zFoLeMltHrq3wBS,101261185454084,unen,2025-02-12T07:32:40.819000+00:00,Türkiye,28.9527846166,38.634020556
414288901740678,CgRvNm60kQWyAdHztbDTlq,101261185454084,unen,2025-02-12T09:55:43.614000+00:00,Türkiye,30.1214334556,39.579330078
414308008405132,Bafy2I4HnY6hijCmWQqRLD,101261185454084,unen,2025-02-12T08:58:27.293000+00:00,Türkiye,29.608312064,39.177019416
414321415077534,wO4gMKbc6hrdWzQB7TlvLS,101261185454084,unen,2025-02-12T10:20:17.951000+00:00,Türkiye,30.3613848636,39.726963915
414321515074480,y0nPbXBrHdk8YoLhg51e2R,101261185454084,unen,2025-02-12T10:00:37.156000+00:00,Türkiye,30.1522906126,39.6391989065
414321771752710,MPX8nV2ltTmzNOFaxILsg3,101261185454084,unen,2025-02-16T13:11:30.458000+00:00,Türkiye,29.108095576,38.6664494942
414326048407980,SCXe8k2FsntuKLAylWN4GQ,101261185454084,unen,2025-02-12T10:16:43.589000+00:00,Türkiye,30.2905146216,39.725439624
414367168408826,kRcMECLabFfnt3KX7AZ6HI,101261185454084,unen,2025-02-12T09:00:21.492000+00:00,Türkiye,29.6297853412,39.2008037605
414368485066680,rjKSNmTnx1YVCw2cq8EuQ4,101261185454084,unen,2025-02-12T10:29:07.425000+00:00,Türkiye,30.468678576,39.751138836
414369465072073,SCXe8k2FsntuKLAylWN4GQ,101261185454084,unen,2025-02-12T10:17:45.233000+00:00,Türkiye,30.31151232,39.72587128
414373658404024,FqgRwPe1ok5AbHJ2UCpTVW,101261185454084,unen,2025-02-12T09:22:17.689000+00:00,Türkiye,29.984336682,39.3182096056
414381481738360,arGMEuvAsYFVnLoyOzhxKT,101261185454084,unen,2025-02-12T08:42:15.692000+00:00,Türkiye,29.4279483423,39.043425468
414387398399772,xm5KpvCLA7rVXPzn0oUt8I,101261185454084,unen,2025-02-12T08:07:06.687000+00:00,Türkiye,29.2833680362,38.8689979002
414412918401060,bIlSCqQf8jtxAz3NPnkacG,101261185454084,unen,2025-02-12T10:04:05.617000+00:00,Türkiye,30.155834152,39.6903030235
414440428392806,BPxaYQUJVGvdfTRslkEIq3,101261185454084,unen,2025-02-12T07:50:32.050000+00:00,Türkiye,29.2176086104,38.673259009
414489875054819,fZTNJl80SjPhDxdIUYVWoc,101261185454084,unen,2025-02-12T10:09:31.831000+00:00,Türkiye,30.157765665,39.7100564834
414544601716962,rxbmnP2fH01yQipFl796Re,101261185454084,unen,2025-02-12T09:25:35.015000+00:00,Türkiye,30.0306777422,39.3434975274
414616651708912,O1lxPhIJVNHQDaMS4gZnjo,101261185454084,unen,2025-02-12T09:48:32.423000+00:00,Türkiye,30.054797893,39.5295000106
414622765046656,3D7UYOr48cMqQNmRwKb25I,101261185454084,unen,2025-02-12T07:17:23.728000+00:00,Türkiye,28.714797226,38.5631044648
414626375046777,i1A4BEfb2OSFDRKnlCY75s,101261185454084,unen,2025-02-12T08:04:57.318000+00:00,Türkiye,29.270409439,38.8381982528
414629061740649,0flJ1QK7o8XEHmFxOnMpZG,101261185454084,unen,2025-02-12T05:49:18.414000+00:00,Türkiye,27.4275507814,38.4630819946
414633741706803,YOISnF9B1au6KoWZ8gmxAp,101261185454084,unen,2025-02-12T09:20:56.030000+00:00,Türkiye,29.9749452734,39.30250953
414650698372295,fZTNJl80SjPhDxdIUYVWoc,101261185454084,unen,2025-02-12T10:09:13.161000+00:00,Türkiye,30.1589331176,39.7143953784
414661875038687,y0nPbXBrHdk8YoLhg51e2R,101261185454084,unen,2025-02-12T10:00:03.483000+00:00,Türkiye,30.149262591,39.630683815
414712361702630,qxjtPCvlsgH91V3NAOcR8p,101261185454084,unen,2025-02-12T08:22:44.549000+00:00,Türkiye,29.4036256488,38.9993999568
414720298369773,dfRwTlvD1nWgasNyJcuYMm,101261185454084,unen,2025-02-12T10:50:38.465000+00:00,Türkiye,30.47881903,39.7699633776
414728778365530,sUnf58cia3eMQLKJoj6gDY,101261185454084,unen,2025-02-12T10:12:00.616000+00:00,Türkiye,30.1937848252,39.7170673332
414735751696722,kRcMECLabFfnt3KX7AZ6HI,101261185454084,unen,2025-02-12T09:00:20.958000+00:00,Türkiye,29.629677299,39.2006971615
414735871695688,rjKSNmTnx1YVCw2cq8EuQ4,101261185454084,unen,2025-02-12T10:28:35.886000+00:00,Türkiye,30.4632227849,39.7483170617
414737331698090,YOISnF9B1au6KoWZ8gmxAp,101261185454084,unen,2025-02-12T09:20:59.230000+00:00,Türkiye,29.974870359,39.303261421
414746751700552,RnMtq8XaQZvlzmpUOABrj4,101261185454084,unen,2025-02-12T09:40:38.491000+00:00,Türkiye,30.0136048508,39.453658262
414754308366301,lZYVIUJuifxMWORT6SyEBL,101261185454084,unen,2025-02-12T10:24:01.148000+00:00,Türkiye,30.4244121328,39.740605212
414794061690517,JIX4TNMGdAhwPSc92oeaBQ,101261185454084,unen,2025-02-12T09:28:31.224000+00:00,Türkiye,30.0642587473,39.3692841498
414816048360455,dqOZ2gs5HejGfmpLz6NKi4,101261185454084,unen,2025-02-12T09:29:25.680000+00:00,Türkiye,30.06477474,39.3740807784
414816951689290,Cj7BRaH4Nhv5dAgbX9QnDG,101261185454084,unen,2025-02-12T05:36:37.962000+00:00,Türkiye,27.219548625,38.442479965
414824285023985,4FUprCT7L1AYWIiyQzK30P,101261185454084,unen,2025-02-12T08:51:22.416000+00:00,Türkiye,29.5141605168,39.1085522568
414837475018808,dqOZ2gs5HejGfmpLz6NKi4,101261185454084,unen,2025-02-12T09:29:51.218000+00:00,Türkiye,30.058445906,39.376115334
414850391720275,t8ijzOeu4UFXKTV1QnDkcB,101261185454084,unen,2025-02-16T13:51:38.881000+00:00,Türkiye,28.5100467336,38.5566047948
414854191684404,YRxACX7dNMqjL4ocDTgWsb,101261185454084,unen,2025-02-12T10:15:17.695000+00:00,Türkiye,30.260216041,39.723127691
414867415017697,O1lxPhIJVNHQDaMS4gZnjo,101261185454084,unen,2025-02-12T09:48:21.755000+00:00,Türkiye,30.0562389746,39.5271075745
414875428355473,CgRvNm60kQWyAdHztbDTlq,101261185454084,unen,2025-02-12T09:55:40.014000+00:00,Türkiye,30.1209289852,39.578637691
414923025011636,y0nPbXBrHdk8YoLhg51e2R,101261185454084,unen,2025-02-12T10:00:55.826000+00:00,Türkiye,30.1539484188,39.6438208403
414923828345487,wDdlkSWcFejZg1oAEVsYx0,101261185454084,unen,2025-02-12T09:06:53.263000+00:00,Türkiye,29.753086575,39.22474435
414943451680393,1SgZfeGjxqwBdOYIb9TLQs,101261185454084,unen,2025-02-12T07:03:03.559000+00:00,Türkiye,28.5125146908,38.5567049708
414944128344278,FqgRwPe1ok5AbHJ2UCpTVW,101261185454084,unen,2025-02-12T09:22:04.754000+00:00,Türkiye,29.9809642651,39.316702425
414958858342636,qp1sHhDOdf9k4xEiYPX7wR,101261185454084,unen,2025-02-12T10:03:15.697000+00:00,Türkiye,30.1546054915,39.678001393
414965165040406,sBzWQpgbTC7tZJNEcj9u81,101261185454084,unen,2025-02-12T07:23:45.297000+00:00,Türkiye,28.8140646712,38.6012976668
415018985036676,ku4TIB6i3lPg1WQnFmXzvj,101261185454084,unen,2025-02-15T14:57:34.994000+00:00,Türkiye,30.4942108834,39.763383718
415031545001475,2iquMkEW8TYPZvbz4aoVLy,101261185454084,unen,2025-02-12T09:51:29.166000+00:00,Türkiye,30.0762826615,39.5621513589
415091668330081,xm5KpvCLA7rVXPzn0oUt8I,101261185454084,unen,2025-02-12T08:07:08.421000+00:00,Türkiye,29.283450008,38.8693903104
415096064994366,WYjm3oQASsENMFnKTPXHdl,101261185454084,unen,2025-02-12T09:03:12.412000+00:00,Türkiye,29.6799998,39.22082734
415124764991811,qYO3QNxlBLIDnyHMcReJg8,101261185454084,unen,2025-02-12T10:33:43.431000+00:00,Türkiye,30.4665650568,39.7735864074
415138021656814,qp1sHhDOdf9k4xEiYPX7wR,101261185454084,unen,2025-02-12T10:03:32.633000+00:00,Türkiye,30.1539967585,39.682162119
415165251654508,AU65C3ORrbl4dqm9IL1jo8,101261185454084,unen,2025-02-12T10:43:57.490000+00:00,Türkiye,30.4605824424,39.7933508244
415212064988360,UcX2u5V67Ji4LmNYDOETa1,101261185454084,unen,2025-02-12T09:44:56.993000+00:00,Türkiye,30.0361761875,39.49272469
415215378312159,cb4hPi7zFoLeMltHrq3wBS,101261185454084,unen,2025-02-12T07:33:54.931000+00:00,Türkiye,28.9649526736,38.6414697586
415221981649609,ybQ8u4XlP7czLsF0IEvUwD,101261185454084,unen,2025-02-12T10:46:29.764000+00:00,Türkiye,30.4770438808,39.7853159872
415287431676626,bTUr2cg4SKY6HhAV1xdRok,101261185454084,unen,2025-02-12T07:54:23.548000+00:00,Türkiye,29.2199217344,38.701047236
415364704971761,FurmhsLAlVDP93Wo8UJ4CX,101261185454084,unen,2025-02-13T07:25:03.760000+00:00,Türkiye,30.5098207812,39.763715186
415491311622393,RLy2TeSYg97F0N1kEp8rvU,101261185454084,unen,2025-02-12T10:10:19.153000+00:00,Türkiye,30.1605928676,39.708544442
415568631617922,cYvnMTBziRePdqSp2Cl0uk,101261185454084,unen,2025-02-16T11:35:16.563000+00:00,Türkiye,30.0454251117,39.3820065534
415627648279478,VUr3fmGO0YycqQM8zv2SEK,101261185454084,unen,2025-02-16T11:36:30.954000+00:00,Türkiye,30.0610821635,39.375552927
415644178278694,IEOxsLFApV1vZGwMaki8YW,101261185454084,unen,2025-02-16T11:00:38.026000+00:00,Türkiye,30.170186079,39.7110289405
415647841608460,egbZJPk4nqjMVzUa8WYNcf,101261185454084,unen,2025-02-12T07:31:38.762000+00:00,Türkiye,28.9352751498,38.6279704562
415671201609915,iCcH0X3MklYZhFxgBEStb2,101261185454084,unen,2025-02-16T11:44:13.084000+00:00,Türkiye,29.98424442,39.3184202759
415687461602153,3KYzi2yQpDE7aOXfIG4CuR,101261185454084,unen,2025-02-12T09:38:31.757000+00:00,Türkiye,30.004478389,39.4424643965
415757998265033,NDQiJZfjU4wF8AurYhpOq9,101261185454084,unen,2025-02-16T11:03:33.515000+00:00,Türkiye,30.1554150902,39.684977253
415777761592293,y0nPbXBrHdk8YoLhg51e2R,101261185454084,unen,2025-02-12T10:00:03.883000+00:00,Türkiye,30.149296711,39.630785615
415838191585749,yDEwiAFv5apg7U4t0xlVkr,101261185454084,unen,2025-02-16T10:24:10.856000+00:00,Türkiye,30.5050368788,39.7514666404
415846298255153,rS1jdgFV8YZUqzRL5XDn09,101261185454084,unen,2025-02-12T09:58:29.888000+00:00,Türkiye,30.1529877,39.6098453625
415856188245758,fCyLoj9eITxaQDwkZG4l1q,101261185454084,unen,2025-02-12T07:29:23.360000+00:00,Türkiye,28.8947562249,38.6176750661
415913271584289,rDWxw4EjUhyOPf5AYe7dHN,101261185454084,unen,2025-02-16T06:43:50.487000+00:00,Türkiye,30.5013629625,39.7622062425
415928798238474,EZN57LnyKbfRkATX13GPUF,101261185454084,unen,2025-02-12T06:43:44.347000+00:00,Türkiye,28.1754265318,38.4935366038
415931688243749,ViJdQ8AFh4Ono5tYK32ruW,101261185454084,unen,2025-02-12T06:31:18.697000+00:00,Türkiye,28.0260124116,38.4947796672
415992378242956,2LGiBgIuho6bMEOycvZH4s,101261185454084,unen,2025-02-16T11:23:07.662000+00:00,Türkiye,30.035085005,39.48030993
415994648238201,y9nfvHet3zoMZFh4lgwKRr,101261185454084,unen,2025-02-16T10:49:49.851000+00:00,Türkiye,30.3762525242,39.7286429985
415994798238721,y9nfvHet3zoMZFh4lgwKRr,101261185454084,unen,2025-02-16T10:50:32.159000+00:00,Türkiye,30.3648564822,39.7268739696
416034951600372,REGL4ITe1bMBUuaHOzyn92,101261185454084,unen,2025-02-12T09:34:17.321000+00:00,Türkiye,30.0173520196,39.4113997244
416128711557545,hC2grfVPZKy0dENqiLDXR8,101261185454084,unen,2025-02-16T10:38:26.359000+00:00,Türkiye,30.4763523665,39.7589224904
416128791558812,uGD4npHE5W0BvVSrRqbLcC,101261185454084,unen,2025-02-16T10:54:36.092000+00:00,Türkiye,30.287975651,39.7253280487
416147491559888,Iug7DkJnl1UvoQESiBcm4N,101261185454084,unen,2025-02-16T11:02:48.127000+00:00,Türkiye,30.1550241088,39.697038663
416147888228815,hbnlrDJN4Gcf8CxFRoHOA7,101261185454084,unen,2025-02-16T11:10:37.958000+00:00,Türkiye,30.137029152,39.5892814635
416171201554156,w1Xp3fShZoaUz8nLrxHDRE,101261185454084,unen,2025-02-16T10:52:33.692000+00:00,Türkiye,30.327607593,39.7253371912
416188961556671,2WD8jFKxfXCe3ZTPSk9mQd,101261185454084,unen,2025-02-16T12:12:38.852000+00:00,Türkiye,29.5334162541,39.121545451
416197978223339,LY7hGBPbXZ3yMmiAqKEfkN,101261185454084,unen,2025-02-16T11:30:09.584000+00:00,Türkiye,30.0021209902,39.4170205108
416219014885897,qZLAjbmSDzxkoTuCV57iUP,101261185454084,unen,2025-02-16T11:12:42.158000+00:00,Türkiye,30.10915155,39.5708351385
416225498219100,fQPKlRTjX4WbID1sAdYNOa,101261185454084,unen,2025-02-16T12:06:42.821000+00:00,Türkiye,29.6181410867,39.185335202
416228424873930,VwB7sO2LPWRadcqNbhZM1H,101261185454084,unen,2025-02-12T06:13:07.564000+00:00,Türkiye,27.7382160177,38.4956638347
416246774884396,h2IUp6ntksvrQb1ZcOELqJ,101261185454084,unen,2025-02-16T11:45:56.614000+00:00,Türkiye,29.9741862673,39.2982305268
416274608213387,bW7N3KAIXPOMwSflJpQ0nE,101261185454084,unen,2025-02-16T06:56:57.012000+00:00,Türkiye,30.5009633,39.7646085
416280331541634,BFJrduLO9iv5zDhpamX4ns,101261185454084,unen,2025-02-14T14:50:28.013000+00:00,Türkiye,30.5071533,39.7613367
416317301543809,fQPKlRTjX4WbID1sAdYNOa,101261185454084,unen,2025-02-16T12:07:52.233000+00:00,Türkiye,29.6010661134,39.1726021935
416322828199058,juWOboh0VP3nJCegslvKdq,101261185454084,unen,2025-02-12T05:17:19.650000+00:00,Türkiye,27.155221204,38.4172329051
416354834872989,jyl015B2FIh789KCPpMnVL,101261185454084,unen,2025-02-16T11:33:00.026000+00:00,Türkiye,30.0325127971,39.398840043
416368301534946,YwFnHdGey1TRjvVcDzrMNm,101261185454084,unen,2025-02-16T11:25:11.396000+00:00,Türkiye,30.0176087472,39.45892526
416385448197948,FurmhsLAlVDP93Wo8UJ4CX,101261185454084,unen,2025-02-13T07:23:46.580000+00:00,Türkiye,30.508923519,39.7653591134
416390038202798,4hfRUKve6rajPoMy7sn59D,101261185454084,unen,2025-02-16T12:31:14.023000+00:00,Türkiye,29.375099327,38.961595663
416398781529344,q7ntCYld5jkDKhHeUMEz0N,101261185454084,unen,2025-02-16T10:46:31.225000+00:00,Türkiye,30.4234261744,39.740424796
416410114857006,NGRcXUYxJ685TsZDOywoeL,101261185454084,unen,2025-02-12T08:54:46.764000+00:00,Türkiye,29.564283668,39.13995116
416486404856632,r5Wmg4kqtj2G3SpZVJNbLa,101261185454084,unen,2025-02-16T11:51:24.429000+00:00,Türkiye,29.8917277464,39.266951663
416504828187535,8or7uqCdcXVZahN2JRAQbp,101261185454084,unen,2025-02-12T09:01:32.950000+00:00,Türkiye,29.6493475754,39.2109665266
416510461520805,bW0YQNc7hG8ydMLC32vIpk,101261185454084,unen,2025-02-16T11:08:31.490000+00:00,Türkiye,30.1574961362,39.6164554704
416524694856401,JnoB7uSZ6RpPl2gy304x9q,101261185454084,unen,2025-02-16T11:15:14.631000+00:00,Türkiye,30.0767868433,39.5706474299
416547751514600,2LGiBgIuho6bMEOycvZH4s,101261185454084,unen,2025-02-16T11:22:40.924000+00:00,Türkiye,30.0368683512,39.4850781752
416586974850728,SABjkQ5IRyW4lHLm7oh36J,101261185454084,unen,2025-02-16T12:18:19.015000+00:00,Türkiye,29.4593453782,39.0769202514
416647521511925,JbjTwWFGd0KpfNyUu5hDMA,101261185454084,unen,2025-02-16T13:57:15.664000+00:00,Türkiye,28.4072285,38.5319233048
416652184838337,h2IUp6ntksvrQb1ZcOELqJ,101261185454084,unen,2025-02-16T11:46:54.057000+00:00,Türkiye,29.9688735468,39.2852079748
416662328176885,qMH1sVLkz3iER8Nx4nWS7w,101261185454084,unen,2025-02-16T13:05:36.825000+00:00,Türkiye,29.2018142902,38.672800379
416666561510028,KVqiNySMcz7bpa5omgdtlG,101261185454084,unen,2025-02-16T11:58:18.651000+00:00,Türkiye,29.7652873283,39.229285176
416676931506775,mGHcTIhi2NQ4wuKE7nZsbe,101261185454084,unen,2025-02-16T12:16:31.518000+00:00,Türkiye,29.4709702282,39.0917803978
416710958170196,N8hKXIFm1JDZRMtwziueGS,101261185454084,unen,2025-02-16T11:57:10.392000+00:00,Türkiye,29.7873611671,39.2343727795
416713261505164,QJHzUZub7wVON4REsDyk36,101261185454084,unen,2025-02-16T13:54:34.290000+00:00,Türkiye,28.454278433,38.5475950645
416713518160027,wO4gMKbc6hrdWzQB7TlvLS,101261185454084,unen,2025-02-12T10:20:44.623000+00:00,Türkiye,30.3696682526,39.7265845682
416740564828508,uGD4npHE5W0BvVSrRqbLcC,101261185454084,unen,2025-02-16T10:54:33.958000+00:00,Türkiye,30.2886769135,39.7253804465
416749981500598,pG7baCoP6mjwEtxuZsTRl8,101261185454084,unen,2025-02-16T13:01:13.388000+00:00,Türkiye,29.2247928875,38.6943917625
416820508160282,JbjTwWFGd0KpfNyUu5hDMA,101261185454084,unen,2025-02-16T13:57:27.466000+00:00,Türkiye,28.403192091,38.5315967248
416837361490147,rDWxw4EjUhyOPf5AYe7dHN,101261185454084,unen,2025-02-16T06:44:04.656000+00:00,Türkiye,30.5022545112,39.7610282828
416840321487358,h2IUp6ntksvrQb1ZcOELqJ,101261185454084,unen,2025-02-16T11:46:50.457000+00:00,Türkiye,29.9698248644,39.2857535468
416864391484946,hJWjROrqSX47xk8ZYCI6z1,101261185454084,unen,2025-02-12T10:56:42.898000+00:00,Türkiye,30.5012383454,39.7672854654
416865108151153,hbnlrDJN4Gcf8CxFRoHOA7,101261185454084,unen,2025-02-16T11:10:14.754000+00:00,Türkiye,30.1418905417,39.5934890188
416866031484926,r7UwNTj6o0q4B5sHyX8QxG,101261185454084,unen,2025-02-16T11:52:07.916000+00:00,Türkiye,29.87967036,39.2600855273
416877538155085,bAlJ01fSHp78LnWQ2dTktm,101261185454084,unen,2025-02-16T13:09:40.326000+00:00,Türkiye,29.1387126096,38.6582766283
416879781483071,iCcH0X3MklYZhFxgBEStb2,101261185454084,unen,2025-02-16T11:44:40.155000+00:00,Türkiye,29.9772803766,39.3153146158
416910758145858,dsqwtJpf49vVjKWeUxM2T7,101261185454084,unen,2025-02-16T10:58:40.793000+00:00,Türkiye,30.2066691455,39.7191215845
416914354818680,laQq3GdINkp1oh4UxwjumO,101261185454084,unen,2025-02-16T12:39:34.960000+00:00,Türkiye,29.2939496424,38.8896554495
416914921485230,JHTkePumtblZ3jhUx8Vfr7,101261185454084,unen,2025-02-16T13:34:45.947000+00:00,Türkiye,28.748509516,38.5756048858
416915201484756,Xr6azo4pk0tijfT9McKUB3,101261185454084,unen,2025-02-16T12:25:29.693000+00:00,Türkiye,29.405324948,39.005117096
416947574814747,pwQOKMnyjrBf1Ch8532Tvu,101261185454084,unen,2025-02-16T13:44:24.722000+00:00,Türkiye,28.6343395502,38.5418975517
417027101472484,2OF9okRZ7VTvqGDEb50Mhn,101261185454084,unen,2025-02-16T12:20:07.013000+00:00,Türkiye,29.4522192,39.0677017
417065554803543,XdWOuaKl803N9qUDcLpHGx,101261185454084,unen,2025-02-16T13:29:26.288000+00:00,Türkiye,28.8245587175,38.6034367225
417071998136149,qMtLYoFdZS490sb6jWJnu1,101261185454084,unen,2025-02-16T12:37:38.861000+00:00,Türkiye,29.3014005896,38.9150639504
417079758131711,uGD4npHE5W0BvVSrRqbLcC,101261185454084,unen,2025-02-16T10:55:05.764000+00:00,Türkiye,30.2778612327,39.7245349981
417090588132900,4h8zWl6ka3qwrFByNjeALM,101261185454084,unen,2025-02-16T12:14:06.313000+00:00,Türkiye,29.509403,39.10624065
417109081492308,2fWiQyJ4c9VrzO7wXA1lRC,101261185454084,unen,2025-02-12T09:36:41.325000+00:00,Türkiye,29.9973432576,39.426337548
417112181459114,KVqiNySMcz7bpa5omgdtlG,101261185454084,unen,2025-02-16T11:57:56.447000+00:00,Türkiye,29.7723923225,39.2318760575
417124651489832,bIlSCqQf8jtxAz3NPnkacG,101261185454084,unen,2025-02-12T10:04:44.257000+00:00,Türkiye,30.1545072295,39.700655649
417149801459201,EC3gXLfvk6RmysPzABhGO9,101261185454084,unen,2025-02-16T13:25:28.122000+00:00,Türkiye,28.8779750301,38.6174033635
417164318125977,bBh8V6AT49QsMrEenNjGu1,101261185454084,unen,2025-02-16T12:19:03.356000+00:00,Türkiye,29.461677729,39.0704982675
417201944789381,EC3gXLfvk6RmysPzABhGO9,101261185454084,unen,2025-02-16T13:26:03.628000+00:00,Türkiye,28.8671204105,38.621101815
417212314799983,x6YHWOCRbAKPcru4gjDlVF,101261185454084,unen,2025-02-16T12:45:09.489000+00:00,Türkiye,29.250805834,38.8142007152
417212521452679,8v3CK1GRV7odtSXlBqYQxp,101261185454084,unen,2025-02-16T12:10:35.019000+00:00,Türkiye,29.5690051456,39.1398609586
417223231451568,4WkRJBnNavpF2EedGzh9Mu,101261185454084,unen,2025-02-16T13:21:56.061000+00:00,Türkiye,28.9479225116,38.631983248
417228571448686,mgS8uhNF2wRtqXyUCaeQvB,101261185454084,unen,2025-02-16T11:40:08.951000+00:00,Türkiye,30.0362318022,39.3506521808
417236361446159,Foz1ViTqZb6Kp7dXBYak4m,101261185454084,unen,2025-02-16T11:43:44.499000+00:00,Türkiye,29.9914647676,39.3221641633
417247388145305,fcHb5mnM7gjXh2CiUSxQJE,101261185454084,unen,2025-02-12T07:42:33.816000+00:00,Türkiye,29.0935245915,38.6621231887
417248991480498,wc6vIO7jrKYS32HksMPbFJ,101261185454084,unen,2025-02-16T13:16:24.466000+00:00,Türkiye,29.0114337524,38.657930985
417249148112823,ShgFz2alwrOH3cD7dKxQ0Z,101261185454084,unen,2025-02-16T11:19:35.479000+00:00,Türkiye,30.0524553106,39.5200077828
417273448109597,4hfRUKve6rajPoMy7sn59D,101261185454084,unen,2025-02-16T12:31:34.560000+00:00,Türkiye,29.3694891066,38.9590526896
417278991447373,bAlJ01fSHp78LnWQ2dTktm,101261185454084,unen,2025-02-16T13:09:09.754000+00:00,Türkiye,29.1467936233,38.6534040932
417279131449179,bAlJ01fSHp78LnWQ2dTktm,101261185454084,unen,2025-02-16T13:09:03.353000+00:00,Türkiye,29.148334956,38.65246811
417307831471839,13GMfoUgsaTvZdSrqw52ty,101261185454084,unen,2025-02-12T06:42:39.990000+00:00,Türkiye,28.1618437696,38.4904494542
417338511440733,rVfiM7X3uEYn1Q9JG4cIyz,101261185454084,unen,2025-02-16T13:27:25.756000+00:00,Türkiye,28.8412813702,38.6203321214
417377068104491,Xr6azo4pk0tijfT9McKUB3,101261185454084,unen,2025-02-16T12:25:46.629000+00:00,Türkiye,29.4042146624,39.001941
417391201435779,4h8zWl6ka3qwrFByNjeALM,101261185454084,unen,2025-02-16T12:15:28.861000+00:00,Türkiye,29.482004072,39.10248854
417401271431212,fQPKlRTjX4WbID1sAdYNOa,101261185454084,unen,2025-02-16T12:07:00.724000+00:00,Türkiye,29.614397248,39.1815085136
417408304768948,xpqhgZkSB7H2JbEtvweCin,101261185454084,unen,2025-02-16T12:50:59.655000+00:00,Türkiye,29.201700768,38.7359682111
417416614762712,DNEMyuBrlTH74hLJaPtosK,101261185454084,unen,2025-02-16T12:25:16.357000+00:00,Türkiye,29.4067323832,39.0077448672
417438721459109,fcHb5mnM7gjXh2CiUSxQJE,101261185454084,unen,2025-02-12T07:43:36.560000+00:00,Türkiye,29.1126474308,38.6683266134
417448808125625,0kQ8ExFZcR69CHKgPW3UDa,101261185454084,unen,2025-02-16T12:27:32.560000+00:00,Türkiye,29.4005871312,38.9912359356
417460438095140,rVfiM7X3uEYn1Q9JG4cIyz,101261185454084,unen,2025-02-16T13:26:33.814000+00:00,Türkiye,28.8578159944,38.622507603
417487874758411,MPX8nV2ltTmzNOFaxILsg3,101261185454084,unen,2025-02-16T13:12:14.132000+00:00,Türkiye,29.094945616,38.6622802
417498994759527,PJD27EcBo5plZfg30strmy,101261185454084,unen,2025-02-16T14:00:36.057000+00:00,Türkiye,28.3446588512,38.5153542096
417505741420482,t8ijzOeu4UFXKTV1QnDkcB,101261185454084,unen,2025-02-16T13:53:02.295000+00:00,Türkiye,28.483235463,38.5552081708
417517988089355,qUPZ2cJBs6F9RpHb7Td5Dy,101261185454084,unen,2025-02-16T13:22:31.545000+00:00,Türkiye,28.9372642289,38.6286426246
417528641420105,qUPZ2cJBs6F9RpHb7Td5Dy,101261185454084,unen,2025-02-16T13:22:37.013000+00:00,Türkiye,28.935609905,38.6282009055
417533671421836,qMH1sVLkz3iER8Nx4nWS7w,101261185454084,unen,2025-02-16T13:05:48.827000+00:00,Türkiye,29.19820837,38.6723486415
417568374748282,h8tPwfW0UBYGnS16AZXdeE,101261185454084,unen,2025-02-16T12:14:14.114000+00:00,Türkiye,29.506543334,39.10550775
417578484778090,SCXe8k2FsntuKLAylWN4GQ,101261185454084,unen,2025-02-12T10:16:14.384000+00:00,Türkiye,30.2801850135,39.724656517
417580621445905,qMtLYoFdZS490sb6jWJnu1,101261185454084,unen,2025-02-16T12:38:02.331000+00:00,Türkiye,29.2969360234,38.9106404906
417625524741456,AztXcfwZhQS5MdlY9EVWpL,101261185454084,unen,2025-02-16T12:16:59.923000+00:00,Türkiye,29.4679849471,39.0864268118
417629044745314,JbjTwWFGd0KpfNyUu5hDMA,101261185454084,unen,2025-02-16T13:57:10.363000+00:00,Türkiye,28.4091111301,38.5319168016
417647358078224,PHG2p8greuZoKIRavUbd4y,101261185454084,unen,2025-02-16T12:20:51.420000+00:00,Türkiye,29.4438126365,39.0588520034
417655714738390,IoReB2DWTmLk1J3SrXF47i,101261185454084,unen,2025-02-16T11:26:03.984000+00:00,Türkiye,30.0104353773,39.450106256
417662751407646,bAlJ01fSHp78LnWQ2dTktm,101261185454084,unen,2025-02-16T13:09:11.487000+00:00,Türkiye,29.1463753076,38.6536546352
417665801409552,wc6vIO7jrKYS32HksMPbFJ,101261185454084,unen,2025-02-16T13:16:09.297000+00:00,Türkiye,29.0160359276,38.6596989332
417677594736928,0kQ8ExFZcR69CHKgPW3UDa,101261185454084,unen,2025-02-16T12:27:50.696000+00:00,Türkiye,29.3992645652,38.98933925
417686171403241,bAlJ01fSHp78LnWQ2dTktm,101261185454084,unen,2025-02-16T13:09:09.620000+00:00,Türkiye,29.1468256091,38.6533846364
417701518067351,4whaUfdX3kimWV9GLHYTnc,101261185454084,unen,2025-02-16T12:12:32.051000+00:00,Türkiye,29.5353087306,39.1227174656
417734528062979,MPX8nV2ltTmzNOFaxILsg3,101261185454084,unen,2025-02-16T13:11:03.020000+00:00,Türkiye,29.1162784824,38.6694864696
417741768067377,kX1DhsCrqZNf7LjFtwJH8g,101261185454084,unen,2025-02-16T12:47:55.764000+00:00,Türkiye,29.2181106671,38.7794311356
417747794728947,bW0YQNc7hG8ydMLC32vIpk,101261185454084,unen,2025-02-16T11:08:31.357000+00:00,Türkiye,30.1574924255,39.616489146
417748328062184,qMtLYoFdZS490sb6jWJnu1,101261185454084,unen,2025-02-16T12:37:39.794000+00:00,Türkiye,29.301250897,38.9148705673
417760758060795,RrLKCblxwAgjzsdaZ95Wo0,101261185454084,unen,2025-02-16T13:07:30.891000+00:00,Türkiye,29.172014116,38.6583367624
417771374727083,lDeL3W6tnUKMgPp4VNmxYh,101261185454084,unen,2025-02-16T13:19:27.923000+00:00,Türkiye,28.970933594,38.645103744
417774274730793,t8ijzOeu4UFXKTV1QnDkcB,101261185454084,unen,2025-02-16T13:52:06.219000+00:00,Türkiye,28.501151269,38.556137095
417779148058368,SCXe8k2FsntuKLAylWN4GQ,101261185454084,unen,2025-02-12T10:17:28.630000+00:00,Türkiye,30.3055091179,39.726087779
417784278062930,laQq3GdINkp1oh4UxwjumO,101261185454084,unen,2025-02-16T12:40:12.500000+00:00,Türkiye,29.2887585063,38.8826293185
417805864723921,4WkRJBnNavpF2EedGzh9Mu,101261185454084,unen,2025-02-16T13:21:50.260000+00:00,Türkiye,28.94962436,38.632810932
417808758058212,YpKrnjR6zCIyxT0tg5fclH,101261185454084,unen,2025-02-16T12:22:22.149000+00:00,Türkiye,29.4291207,39.043939492
417809038057331,OKUTqW05hvFxVpiGdt3NJ4,101261185454084,unen,2025-02-16T13:47:53.884000+00:00,Türkiye,28.5839704962,38.5660790105
417811271422667,IEOxsLFApV1vZGwMaki8YW,101261185454084,unen,2025-02-16T10:59:43.883000+00:00,Türkiye,30.186409318,39.715333735
417819754721350,qMtLYoFdZS490sb6jWJnu1,101261185454084,unen,2025-02-16T12:36:16.013000+00:00,Türkiye,29.3085877,38.9321858
417828294723089,EC3gXLfvk6RmysPzABhGO9,101261185454084,unen,2025-02-16T13:25:23.721000+00:00,Türkiye,28.879546152,38.6173842664
417828628050788,VUr3fmGO0YycqQM8zv2SEK,101261185454084,unen,2025-02-16T11:35:42.513000+00:00,Türkiye,30.04940785,39.378852
417833944720082,BmMGrcEuNa54FY6kO71tDb,101261185454084,unen,2025-02-16T13:36:53.582000+00:00,Türkiye,28.7117468705,38.5622267614
417845241418707,dqOZ2gs5HejGfmpLz6NKi4,101261185454084,unen,2025-02-12T09:30:28.391000+00:00,Türkiye,30.0499363252,39.378757374
417879908049262,mGHcTIhi2NQ4wuKE7nZsbe,101261185454084,unen,2025-02-16T12:16:29.251000+00:00,Türkiye,29.4710139741,39.0922513704
417888301384045,x6YHWOCRbAKPcru4gjDlVF,101261185454084,unen,2025-02-16T12:44:35.049000+00:00,Türkiye,29.257503102,38.8202757008
417901011385481,rVfiM7X3uEYn1Q9JG4cIyz,101261185454084,unen,2025-02-16T13:28:29.033000+00:00,Türkiye,28.82701157,38.613542578
417929234711912,qoPO7try0EQ5vehbRu42cg,101261185454084,unen,2025-02-16T13:14:04.663000+00:00,Türkiye,29.0583860915,38.6594340845
417931714715838,bAlJ01fSHp78LnWQ2dTktm,101261185454084,unen,2025-02-16T13:09:19.089000+00:00,Türkiye,29.1444973048,38.6547874496
417944048042986,bBh8V6AT49QsMrEenNjGu1,101261185454084,unen,2025-02-16T12:19:12.724000+00:00,Türkiye,29.4606187489,39.0697950522
417990641371224,j3Ctz6FcVnWGD0sMmOT4NR,101261185454084,unen,2025-02-16T12:41:52.596000+00:00,Türkiye,29.2799579988,38.8595336374
418004401368792,9XhTD4WlE25dOtkUZfw8vu,101261185454084,unen,2025-02-16T12:06:39.353000+00:00,Türkiye,29.6187639955,39.186106598
418008148036087,4whaUfdX3kimWV9GLHYTnc,101261185454084,unen,2025-02-16T12:13:27.627000+00:00,Türkiye,29.520542893,39.1128996014
418029214702216,zZY0W1rM2w8fDEHGo3mLbN,101261185454084,unen,2025-02-16T12:08:36.686000+00:00,Türkiye,29.592676554,39.162692597
